signalname,Journal,Authors,Year,theory1,desc,liquidity,LiquidityNotes,quote,pubdate,sampend,sampstart,OP_pred,sweight,theory,Notes,Note,post_2004,author_merge
AbnormalAccruals,AR,Xie,2001,mispricing,Abnormal Accruals,0,,"I find that the market overestimates the persistence, or one-year-ahead earnings implications, of abnormal accruals, and consequently overprices these accruals",2001-12-31T00:00:00Z,1992-12-31T00:00:00Z,1971-01-01T00:00:00Z,1_clear,EW,mispricing,,,FALSE,Xie
Accruals,AR,Sloan,1996,mispricing,Accruals,0,,"stock prices are found to act as if investors """"fixate' on earnings, failing to reflect fully information contained in the accrual and cash flow components of current earnings until that information impacts future earnings",1996-12-31T00:00:00Z,1991-12-31T00:00:00Z,1962-01-01T00:00:00Z,1_clear,EW,mispricing,,,FALSE,Sloan
AccrualsBM,RFQA,Bartov and Kim,2004,mispricing,Book-to-market and accruals,0,,"In addition, this superior stock return performance is more pronounced among firms held primarily by small (unsophisticated) investors and followed less closely by market participants (stock price <$10).",2004-12-31T00:00:00Z,1998-12-31T00:00:00Z,1980-01-01T00:00:00Z,1_clear,EW,mispricing,,,TRUE,Bartov Kim
Activism1,JF,Cremers and Nair,2005,agnostic,Takeover vulnerability,0,,"However, any further differentiation among these interpretations hinges on the development
of a theory that would explain why (and if) governance should be associated with any priced risk",2005-12-31T00:00:00Z,2001-12-31T00:00:00Z,1990-01-01T00:00:00Z,1_clear,VW,agnostic,,,TRUE,Cremers Nair
Activism2,JF,Cremers and Nair,2005,agnostic,Active shareholders,0,,"However, any
further differentiation among these interpretations hinges on the development
of a theory that would explain why (and if) governance should be associated
with any priced risk",2005-12-31T00:00:00Z,2001-12-31T00:00:00Z,1990-01-01T00:00:00Z,2_likely,VW,agnostic,,,TRUE,Cremers Nair
AdExp,JF,"Chan, Lakonishok and Sougiannis",2001,mispricing,Advertising Expense,0,,"However, the market is apparently too pessimistic about beaten-down R&D-intensive technology stocks' prospects. Companies with high R&D to equity market value (which tend to have poor past returns) earn large excess returns.",2001-12-31T00:00:00Z,1996-12-31T00:00:00Z,1975-01-01T00:00:00Z,2_likely,EW,mispricing,,,FALSE,Chan Lakonishok Sougiannis
AgeIPO,JF,Ritter,1991,mispricing,IPO and age,0,,"The patterns are consistent with an
IPO market in which (1) investors are periodically overoptimistic about the earnings potential of young growth companies, and (2) firms take advantage of these
""""windows of opportunity.""""",1991-12-31T00:00:00Z,1984-12-31T00:00:00Z,1981-01-01T00:00:00Z,2_likely,EW,mispricing,,,FALSE,Ritter
AM,JF,Fama and French,1992,agnostic,Total assets to market,0,,"Our main result is that two easily measured variables, size and book-to-market equity, seem to describe the cross-section of average stock returns.
Prescriptions for using this evidence depend on (a) whether it will persist, and (b) whether it results from rational or irrational asset-pricing.",1992-12-31T00:00:00Z,1990-12-31T00:00:00Z,1963-01-01T00:00:00Z,1_clear,EW,agnostic,,,FALSE,Fama French
AnalystRevision,FAJ,"Hawkins, Chamberlin, Daniel",1984,mispricing,EPS forecast revision,0,,"the evidence
strongly suggests that revisions in consensus
earnings estimates can be used to predict subsequent stock price performance, and that the
market is not efficient in processing such information",1984-12-31T00:00:00Z,1980-12-31T00:00:00Z,1975-01-01T00:00:00Z,1_clear,EW,mispricing,,,FALSE,Hawkins Chamberlin Daniel
AnalystValue,JAE,Frankel and Lee,1998,agnostic,Analyst Value,0,,"we acknowledge that high V_f/P firms may still be riskier than low V_f /P firms in some other, as yet unidentified, dimension. We leave this question to future research.",1998-12-31T00:00:00Z,1993-12-31T00:00:00Z,1975-01-01T00:00:00Z,2_likely,EW,agnostic,,,FALSE,Frankel Lee
AnnouncementReturn,JF,"Chan, Jegadeesh and Lakonishok",1996,mispricing,Earnings announcement return,0,,"The results suggest a market that responds only gradually to new
information.",1996-12-31T00:00:00Z,1992-12-31T00:00:00Z,1977-01-01T00:00:00Z,1_clear,EW,mispricing,,,FALSE,Chan Jegadeesh Lakonishok
AOP,JAE,Frankel and Lee,1998,agnostic,Analyst Optimism,0,,"we acknowledge that high V_f/P firms may still be riskier
than low V_f /P firms in some other, as yet unidentified, dimension. We leave this
question to future research.",1998-12-31T00:00:00Z,1993-12-31T00:00:00Z,1975-01-01T00:00:00Z,2_likely,EW,agnostic,,,FALSE,Frankel Lee
AssetGrowth,JF,"Cooper, Gulen and Schill",2008,mispricing,Asset growth,0,,"Overall, our findings are most consistent with the interpretation that investors over extrapolate past gains to growth.",2008-12-31T00:00:00Z,2003-12-31T00:00:00Z,1968-01-01T00:00:00Z,1_clear,EW,mispricing,,,TRUE,Cooper Gulen Schill
Beta,JPE,Fama and MacBeth,1973,risk,CAPM beta,0,,"the pricing of common stocks reflects the attempts of risk-averse investors to hold portfolios that are """"efficient"""" in terms of expected value and dispersion of return.",1973-12-31T00:00:00Z,1968-12-31T00:00:00Z,1929-01-01T00:00:00Z,2_likely,EW,risk,,,FALSE,Fama MacBeth
BetaLiquidityPS,JPE,Pastor and Stambaugh,2003,risk,Pastor-Stambaugh liquidity beta,1,Exposure to liquidity risk,a liquidity risk measure accounts for half of the profits to a momentum strategy over the same 34-year period,2003-12-31T00:00:00Z,1999-12-31T00:00:00Z,1968-01-01T00:00:00Z,1_clear,VW,risk,,,FALSE,Pastor Stambaugh
BetaTailRisk,RFS,Kelly and Jiang,2014,risk,Tail risk beta,0,,"Because investors are tail risk averse, increases in tail risk raise the return
required by investors to hold the market, thereby inducing a positive predictive relationship
between tail risk and future returns.",2014-12-31T00:00:00Z,2010-12-31T00:00:00Z,1963-01-01T00:00:00Z,1_clear,EW,risk,,,TRUE,Kelly Jiang
betaVIX,JF,Ang et al.,2006,risk,Systematic volatility,0,,We find that innovations in aggregate volatility carry a statistically significant negative price of risk,2006-12-31T00:00:00Z,2000-12-31T00:00:00Z,1986-01-01T00:00:00Z,1_clear,VW,risk,,,TRUE,Ang
BidAskSpread,JFE,Amihud and Mendelsohn,1986,mispricing,Bid-ask spread,0,,[liquidity effect that should decrease over time],1986-12-31T00:00:00Z,1980-12-31T00:00:00Z,1961-01-01T00:00:00Z,2_likely,EW,mispricing,"the
spread effect is by no means an anomaly
or an indication
of market in-
efficiency; rather, it represents a rational response by an efficient market to the
existence of the spread.",,FALSE,Amihud Mendelsohn
BM,JF,"Rosenberg, Reid, and Lanstein",1985,mispricing,Book to market using most recent ME,0,,"Based on monthly returns since the completion of the prior study, both strategies have shown persuasive evidence of market inefficiency",1985-12-31T00:00:00Z,1984-12-31T00:00:00Z,1973-01-01T00:00:00Z,1_clear,EW,mispricing,,,FALSE,Rosenberg Reid Lanstein
BMdec,JPM,Fama and French,1992,agnostic,Book to market using December ME,0,,"Our main result is that two easily measured variables, size and book-to-market equity, seem to describe the cross-section of average stock returns.
Prescriptions for using this evidence depend on (a) whether it will persist, and (b) whether it results from rational or irrational asset-pricing.",1992-12-31T00:00:00Z,1990-12-31T00:00:00Z,1963-01-01T00:00:00Z,1_clear,EW,agnostic,,,FALSE,Fama French
BookLeverage,JF,Fama and French,1992,agnostic,Book leverage (annual),0,,"Our main result is that two easily measured variables, size and book-to-market equity, seem to describe the cross-section of average stock returns.
Prescriptions for using this evidence depend on (a) whether it will persist, and (b) whether it results from rational or irrational asset-pricing.",1992-12-31T00:00:00Z,1990-12-31T00:00:00Z,1963-01-01T00:00:00Z,1_clear,EW,agnostic,,,FALSE,Fama French
BPEBM,JAR,"Penman, Richardson and Tuna",2007,agnostic,Leverage component of BM,0,,"This observation accords with the
view that the enterprise book-to-price ratio is a firm characteristic that loads
on a risk factor, but is also consistent with the mispricing of book values.
In the absence of a well-specified asset pricing model, the issue cannot be
sorted out.",2007-12-31T00:00:00Z,2001-12-31T00:00:00Z,1963-01-01T00:00:00Z,1_clear,EW,agnostic,,,TRUE,Penman Richardson Tuna
BrandInvest,RED,"Belo, Lin and Vitorino",2014,risk,Brand capital investment,0,,"Through its effect on cash flows, the brand capital stock is likely to affect the risk properties of
the firm, and hence its cost of capital and market value.",2014-12-31T00:00:00Z,2010-12-31T00:00:00Z,1975-01-01T00:00:00Z,2_likely,EW,risk,,,TRUE,Belo Lin Vitorino
Cash,JFE,Palazzo,2012,risk,Cash to assets,0,,"Given that a larger increase in riskiness also causes a larger increase in cash holdings, a stronger marginal effect of expected equity returns should be observed",2012-12-31T00:00:00Z,2009-12-31T00:00:00Z,1972-01-01T00:00:00Z,1_clear,EW,risk,,,TRUE,Palazzo
CashProd,WP,Chandrashekar and Rao,2009,agnostic,Cash Productivity,0,,"The literature continues to debate whether the return premia associated with size, book-to-market and momentum are driven by risk or by mispricing. In either case, this paper aims to test for an effect over and above these known determinants.",2009-12-31T00:00:00Z,2003-12-31T00:00:00Z,1963-01-01T00:00:00Z,1_clear,EW,agnostic,"Published as Rao, Tang, and Chandrashekar 2013 Journal of Investing.",,TRUE,Chandrashekar Rao
CBOperProf,JFE,Ball et al.,2016,agnostic,Cash-based operating profitability,0,,"This could indicate an initial market under-reaction to cash
flow information that is gradually corrected over a decade.
Alternatively, this result could indicate that cash-based
profitability and expected returns share common economic
determinants (such as risk) that are relatively stationary
over time ( Ball, 1978 ).",2016-12-31T00:00:00Z,2014-12-31T00:00:00Z,1963-01-01T00:00:00Z,1_clear,VW,agnostic,,,TRUE,Ball
CF,JF,"Lakonishok, Shleifer, Vishny",1994,mispricing,Cash flow to market,0,,This article provides evidence that value strategies yield higher returns because these strategies exploit the suboptimal behavior of the typical investor and not because these strategies are fundamentally riskier.,1994-12-31T00:00:00Z,1990-12-31T00:00:00Z,1968-01-01T00:00:00Z,1_clear,EW,mispricing,,,FALSE,Lakonishok Shleifer Vishny
cfp,AR,"Desai, Rajgopal, Venkatachalam",2004,mispricing,Operating Cash flows to price,0,,CFO/P is a powerful and comprehensive measure that subsumes the mispricing attributed to all the other value-glamour proxies.,2004-12-31T00:00:00Z,1997-12-31T00:00:00Z,1973-01-01T00:00:00Z,1_clear,EW,mispricing,,,TRUE,Desai Rajgopal Venkatachalam
ChangeInRecommendation,JF,Jegadeesh et al.,2004,mispricing,Change in recommendation,0,,"In contrast, we find that the quarterly change in consensus recommendations is a robust return predictor that appears to contain information orthogonal to a large range of other predictive variables

Naive adherence to these recommendations can be costly, because the level of the consensus recommendation adds value only among stocks with favorable quantitative characteristics",2004-12-31T00:00:00Z,1998-12-31T00:00:00Z,1985-01-01T00:00:00Z,1_clear,EW,mispricing,,,TRUE,Jegadeesh
ChAssetTurnover,AR,Soliman,2008,mispricing,Change in Asset Turnover,0,,"In the spirit of Abarbanell and Bernard
(1992), it points to the possibility that investors may be misled partially because analysts
do not impound the differential time-series properties of these two components.",2008-12-31T00:00:00Z,2002-12-31T00:00:00Z,1984-01-01T00:00:00Z,1_clear,EW,mispricing,,,TRUE,Soliman
ChEQ,JFR,Lockwood and Prombutr,2010,risk,Growth in book equity,0,,Additional tests indicate that the sustainable growth effect is attributable to risk and not to mispricing,2010-12-31T00:00:00Z,2007-12-31T00:00:00Z,1964-01-01T00:00:00Z,1_clear,EW,risk,,,TRUE,Lockwood Prombutr
ChForecastAccrual,RAS,Barth and Hutton,2004,mispricing,Change in Forecast and Accrual,0,,"Our findings indicate that although forecast revisions reflect information about accrual and earnings persistence beyond that reflected in the level of current year accruals, investors do not fully incorporate this information into their valuation assessments.",2004-12-31T00:00:00Z,1996-12-31T00:00:00Z,1981-01-01T00:00:00Z,1_clear,EW,mispricing,,,TRUE,Barth Hutton
ChInv,RAS,Thomas and Zhang,2002,mispricing,Inventory Growth,0,,"We speculate that demand shifts explain our results, and examine the feasibility of alternative reasons for the stock market’s apparent inability to recognize the impending profitability reversals",2002-12-31T00:00:00Z,1997-12-31T00:00:00Z,1970-01-01T00:00:00Z,1_clear,EW,mispricing,,,FALSE,Thomas Zhang
ChInvIA,AR,Abarbanell and Bushee,1998,mispricing,Change in capital inv (ind adj),0,,"These results suggest that """"unaccounted
for risk"""" is not a complete explanation for the success of the strategy.",1998-12-31T00:00:00Z,1988-12-31T00:00:00Z,1974-01-01T00:00:00Z,1_clear,EW,mispricing,,,FALSE,Abarbanell Bushee
ChNAnalyst,ROF,Scherbina,2008,mispricing,Decline in Analyst Coverage,0,,I present evidence of inefficient information processing in equity markets by documenting that negative information withheld by securities analysts is incorporated in stock prices with a significant delay.,2008-12-31T00:00:00Z,2005-12-31T00:00:00Z,1982-01-01T00:00:00Z,1_clear,VW,mispricing,,,TRUE,Scherbina
ChNNCOA,AR,Soliman,2008,mispricing,Change in Net Noncurrent Op Assets,0,,"In the spirit of Abarbanell and Bernard
(1992), it points to the possibility that investors may be misled partially because analysts
do not impound the differential time-series properties of these two components.",2008-12-31T00:00:00Z,2002-12-31T00:00:00Z,1984-01-01T00:00:00Z,1_clear,EW,mispricing,,,TRUE,Soliman
ChNWC,AR,Soliman,2008,mispricing,Change in Net Working Capital,0,,"In the spirit of Abarbanell and Bernard
(1992), it points to the possibility that investors may be misled partially because analysts
do not impound the differential time-series properties of these two components.",2008-12-31T00:00:00Z,2002-12-31T00:00:00Z,1984-01-01T00:00:00Z,1_clear,EW,mispricing,,,TRUE,Soliman
ChTax,JAR,Thomas and Zhang,2011,mispricing,Change in Taxes,0,,We investigate the joint hypothesis that (1) tax expense contains information about core profitability that is incremental to reported earnings and (2) that information is reflected in stock prices with a delay,2011-12-31T00:00:00Z,2006-12-31T00:00:00Z,1977-01-01T00:00:00Z,1_clear,EW,mispricing,,,TRUE,Thomas Zhang
CitationsRD,JFE,"Hirschleifer, Hsu and Li",2013,mispricing,Citations to RD expenses,0,,"The IE-return relation is associated with the loading on a mispricing factor, and the high Sharpe ratio of the Efficient Minus Inefficient (EMI) portfolio suggests that mispricing plays an important role.",2013-12-31T00:00:00Z,2008-12-31T00:00:00Z,1982-01-01T00:00:00Z,1_clear,VW,mispricing,,,TRUE,Hirschleifer Hsu Li
CompEquIss,JF,Daniel and Titman,2006,agnostic,Composite equity issuance,0,,Our finding… …is potentially consistent with standard risk-based models… …Behavioral theories may offer another avenue for explaining these results.,2006-12-31T00:00:00Z,2003-12-31T00:00:00Z,1968-01-01T00:00:00Z,1_clear,EW,agnostic,,,TRUE,Daniel Titman
CompositeDebtIssuance,RFS,"Lyandres, Sun and Zhang",2008,risk,Composite debt issuance,0,,"Our evidence lends support to the investment-based explanation of the new
issues puzzle(e.g.,Zhang,2005a;and Carlson,Fisher,and Giammarino,2006).",2008-12-31T00:00:00Z,2005-12-31T00:00:00Z,1970-01-01T00:00:00Z,1_clear,EW,risk,,,TRUE,Lyandres Sun Zhang
ConsRecomm,JF,Barber et al.,2002,mispricing,Consensus Recommendation,0,,"We believe it is most likely that our results are evidence of a market that
is semistrong inefficient (before transactions costs).",2002-12-31T00:00:00Z,1997-12-31T00:00:00Z,1985-01-01T00:00:00Z,2_likely,VW,mispricing,,,FALSE,Barber
ConvDebt,JFQA,Valta,2016,risk,Convertible debt indicator,0,,"This paper analyzes whether renegotiation frictions and the firm’s debt structure affect expected stock returns. In the model, shareholders can act strategically
to induce default and recover a substantial fraction of firm value in renegotiation.",2016-12-31T00:00:00Z,2012-12-31T00:00:00Z,1985-01-01T00:00:00Z,1_clear,EW,risk,,,TRUE,Valta
CoskewACX,RFS,"Ang, Chen and Xing",2006,risk,Coskewness using daily returns,0,,"Agents who are averse to downside losses demand greater compensation, in the form of higher expected returns, for holding stocks with high downside risk.",2006-12-31T00:00:00Z,2001-12-31T00:00:00Z,1963-01-01T00:00:00Z,1_clear,EW,risk,,,TRUE,Ang Chen Xing
Coskewness,JF,Harvey and Siddique,2000,risk,Coskewness,0,,Our results show that conditional skewness helps explain the cross-sectional variation of expected returns across assets and is significant even when factors based on size and book-to-market are included,2000-12-31T00:00:00Z,1993-12-31T00:00:00Z,1964-01-01T00:00:00Z,2_likely,VW,risk,,,FALSE,Harvey Siddique
CredRatDG,JF,Dichev and Piotroski,2001,mispricing,Credit Rating Downgrade,0,,"More importantly, we find some evidence of significant differences in returns at subsequent earnings announcements of stocks with upgrades and downgrades, which suggests that the market does not fully anticipate the predictable future changes in earnings",2001-12-31T00:00:00Z,1998-12-31T00:00:00Z,1986-01-01T00:00:00Z,1_clear,EW,mispricing,,,FALSE,Dichev Piotroski
CustomerMomentum,JF,Cohen and Frazzini,2008,mispricing,Customer momentum,0,,"We test the hypothesis that in the presence of investors subject to attention constraints, stock prices do not promptly incorporate news about economically related firms, generating return predictability across assets.",2008-12-31T00:00:00Z,2004-12-31T00:00:00Z,1980-01-01T00:00:00Z,1_clear,VW,mispricing,,,TRUE,Cohen Frazzini
DebtIssuance,JFE,Spiess and Affleck-Graves,1999,mispricing,Debt Issuance,0,,"the market appears to underreact at the time of the debt
offering announcement",1999-12-31T00:00:00Z,1989-12-31T00:00:00Z,1975-01-01T00:00:00Z,2_likely,EW,mispricing,,,FALSE,Spiess Affleck-Graves
DelBreadth,JFE,"Chen, Hong and Stein",2002,mispricing,Breadth of ownership,0,,"the evidence is
broadly consistent with the idea that short-sales constraints matter for equilibrium
stock prices and expected returns",2002-12-31T00:00:00Z,1998-12-31T00:00:00Z,1979-01-01T00:00:00Z,1_clear,EW,mispricing,model with differences of opinion and short-sales constraints,,FALSE,Chen Hong Stein
DelCOA,JAE,Richardson et al.,2005,mispricing,Change in current operating assets,0,,"Empirical tests generally confirm that less reliable accruals lead to lower earnings persistence and that investors do not fully anticipate the lower earnings persistence, leading to significant security mispricing",2005-12-31T00:00:00Z,2001-12-31T00:00:00Z,1962-01-01T00:00:00Z,1_clear,EW,mispricing,,,TRUE,Richardson
DelCOL,JAE,Richardson et al.,2005,mispricing,Change in current operating liabilities,0,,"Empirical tests generally confirm that less reliable accruals lead to lower earnings persistence and that investors do not fully anticipate the lower earnings persistence, leading to significant security mispricing.",2005-12-31T00:00:00Z,2001-12-31T00:00:00Z,1962-01-01T00:00:00Z,1_clear,EW,mispricing,,,TRUE,Richardson
DelDRC,CAR,Prakash and Sinha,2012,mispricing,Deferred Revenue,0,,"The analysis shows that such changes are associated with mis-priced securities and
significant errors in analyst forecasts.",2012-12-31T00:00:00Z,2007-12-31T00:00:00Z,2002-01-01T00:00:00Z,2_likely,EW,mispricing,,,TRUE,Prakash Sinha
DelEqu,JAE,Richardson et al.,2005,mispricing,Change in equity to assets,0,,"Empirical tests generally confirm that less reliable accruals lead to lower earnings persistence and that investors do not fully anticipate the lower earnings persistence, leading to significant security mispricing.",2005-12-31T00:00:00Z,2001-12-31T00:00:00Z,1963-01-01T00:00:00Z,1_clear,EW,mispricing,,,TRUE,Richardson
DelFINL,JAE,Richardson et al.,2005,mispricing,Change in financial liabilities,0,,"Empirical tests generally confirm that less reliable accruals lead to lower earnings persistence and that investors do not fully anticipate the lower earnings persistence, leading to significant security mispricing.",2005-12-31T00:00:00Z,2001-12-31T00:00:00Z,1962-01-01T00:00:00Z,1_clear,EW,mispricing,,,TRUE,Richardson
DelLTI,JAE,Richardson et al.,2005,mispricing,Change in long-term investment,0,,"Empirical tests generally confirm that less reliable accruals lead to lower earnings
persistence and that investors do not fully anticipate the lower earnings persistence, leading to significant security mispricing",2005-12-31T00:00:00Z,2001-12-31T00:00:00Z,1962-01-01T00:00:00Z,1_clear,EW,mispricing,,,TRUE,Richardson
DelNetFin,JAE,Richardson et al.,2005,mispricing,Change in net financial assets,0,,"Empirical tests generally confirm that less reliable accruals lead to lower earnings persistence and that investors do not fully anticipate the lower earnings persistence, leading to significant security mispricing.",2005-12-31T00:00:00Z,2001-12-31T00:00:00Z,1962-01-01T00:00:00Z,1_clear,EW,mispricing,,,TRUE,Richardson
DivInit,JF,"Michaely, Thaler and Womack",1995,mispricing,Dividend Initiation,0,,"We hope future research will
help us understand why the market appears to overreact in some circumstances and to underreact in others.",1995-12-31T00:00:00Z,1988-12-31T00:00:00Z,1964-01-01T00:00:00Z,1_clear,EW,mispricing,,,FALSE,Michaely Thaler Womack
DivOmit,JF,"Michaely, Thaler and Womack",1995,mispricing,Dividend Omission,0,,"We hope future research will
help us understand why the market appears to overreact in some circumstances and to underreact in others.",1995-12-31T00:00:00Z,1988-12-31T00:00:00Z,1964-01-01T00:00:00Z,1_clear,EW,mispricing,,,FALSE,Michaely Thaler Womack
DivSeason,JFE,Hartzmark and Salomon,2013,mispricing,Dividend seasonality,0,,"Consistent with the above intuition, we find evidence of mispricing of stocks whereby companies have significantly higher returns in months when they are expected to issue a dividend",2013-12-31T00:00:00Z,2011-12-31T00:00:00Z,1927-01-01T00:00:00Z,1_clear,EW,mispricing,,,TRUE,Hartzmark Salomon
DivYieldST,JF,Litzenberger and Ramaswamy,1979,risk,Predicted div yield next month,0,,The equilibrium relationship indicates that before-tax expected rates of return are linearly related to systematic risk and to dividend yield.,1979-12-31T00:00:00Z,1977-12-31T00:00:00Z,1936-01-01T00:00:00Z,1_clear,,risk,,,FALSE,Litzenberger Ramaswamy
dNoa,JAE,"Hirshleifer, Hou, Teoh, Zhang",2004,mispricing,change in net operating assets,0,,"When the balance sheet is 'bloated' in this fashion, we argue that investors with limited attention will overvalue the firm",2004-12-31T00:00:00Z,2002-12-31T00:00:00Z,1964-01-01T00:00:00Z,1_clear,EW,mispricing,,,TRUE,Hirshleifer Hou Teoh Zhang
DolVol,JFE,"Brennan, Chordia, Subra",1998,mispricing,Past trading volume,1,Liquidity should improve over time,"“Regardless of the method used to risk-adjust returns, we find a strong negative relation between average returns and trading volume, which is consistent with a liquidity premium in asset prices.”",1998-12-31T00:00:00Z,1995-12-31T00:00:00Z,1966-01-01T00:00:00Z,1_clear,EW,mispricing,consistent with a liquidity premium in asset prices.  But liquidity should improve as time goes on.,,FALSE,Brennan Chordia Subra
DownRecomm,JF,Barber et al.,2002,mispricing,Down forecast EPS,0,,"We believe it is most likely that our results are evidence of a market that
is semistrong inefficient (before transactions costs).",2002-12-31T00:00:00Z,1997-12-31T00:00:00Z,1985-01-01T00:00:00Z,2_likely,EW,mispricing,,,FALSE,Barber
EarningsConsistency,BAR,Alwathainani,2009,mispricing,Earnings consistency,0,,"Firms consistently ranking in the top 30 percent of growth rates earn slightly lower returns than inconsistent high-growth firms. These findings indicate that investors overreact to consistency in financial metrics, but this overreaction is more pronounced and persistent for consistent low-growth firms than that for consistent high-performing firms.",2009-12-31T00:00:00Z,2002-12-31T00:00:00Z,1971-01-01T00:00:00Z,1_clear,EW,mispricing,,,TRUE,Alwathainani
EarningsForecastDisparity,JFE,Da and Warachka,2011,mispricing,Long-vs-short EPS forecasts,0,,"We provide direct evidence that investor inattention is
responsible for the return predictability associated with
the disparity between LTG and ISTG.",2011-12-31T00:00:00Z,2006-12-31T00:00:00Z,1983-01-01T00:00:00Z,1_clear,EW,mispricing,,,TRUE,Da Warachka
EarningsStreak,MS,Loh and Warachka,2012,mispricing,Earnings surprise streak,0,,"Overall,
post-earnings-announcement drift has a significant time-series component that is consistent with the gambler’s
fallacy.",2012-12-31T00:00:00Z,2009-12-31T00:00:00Z,1987-01-01T00:00:00Z,1_clear,EW,mispricing,,,TRUE,Loh Warachka
EarningsSurprise,AR,"Foster, Olsen and Shevlin",1984,agnostic,Earnings Surprise,0,,"The set of explanations … …can be classified into (a) capital market inefficiency explanations, and (b) noncapital market inefficiency explanations",1984-12-31T00:00:00Z,1981-12-31T00:00:00Z,1974-01-01T00:00:00Z,1_clear,EW,agnostic,,,FALSE,Foster Olsen Shevlin
EarnSupBig,RFS,Hou,2007,mispricing,Earnings surprise of big firms,0,,"I primarily focus on a third group of explanations,
which argues that the lead-lag effect arises because certain firms react
more sluggishly to common information than do others",2007-12-31T00:00:00Z,2001-12-31T00:00:00Z,1972-01-01T00:00:00Z,1_clear,EW,mispricing,,,TRUE,Hou
EBM,JAR,"Penman, Richardson and Tuna",2007,agnostic,Enterprise component of BM,0,,"This observation accords with the
view that the enterprise book-to-price ratio is a firm characteristic that loads
on a risk factor, but is also consistent with the mispricing of book values.
In the absence of a well-specified asset pricing model, the issue cannot be
sorted out.",2007-12-31T00:00:00Z,2001-12-31T00:00:00Z,1963-01-01T00:00:00Z,1_clear,EW,agnostic,,,TRUE,Penman Richardson Tuna
EntMult,JFQA,Loughran and Wellman,2011,mispricing,Enterprise Multiple,0,,"We interpret EM as a proxy for
the unlevered investment return (i.e., the WACC), which is in turn positively re-
lated to the firm’s cost of equity.",2011-12-31T00:00:00Z,2009-12-31T00:00:00Z,1963-01-01T00:00:00Z,1_clear,EW,mispricing,,,TRUE,Loughran Wellman
EP,JF,Basu,1977,mispricing,Earnings-to-Price Ratio,0,,"Contrary to the growing belief that publicly available information is instantaneously impounded in security prices, there seem to be lags and frictions in the adjustment process",1977-12-31T00:00:00Z,1971-12-31T00:00:00Z,1957-01-01T00:00:00Z,1_clear,EW,mispricing,,,FALSE,Basu
EquityDuration,RAS,"Dechow, Sloan and Soliman",2004,risk,Equity Duration,0,,"Our research shows how structured financial statement analysis can be used to construct superior
measures of equity security risk.",2004-12-31T00:00:00Z,1998-12-31T00:00:00Z,1962-01-01T00:00:00Z,1_clear,VW,risk,,,TRUE,Dechow Sloan Soliman
ExchSwitch,JF,Dharan and Ikenberry,1995,agnostic,Exchange Switch,0,,"Researchers continue to examine why it is that excess long-run performance persists over time. While efforts progress along these liens, the evidence here is consistent with the notion that managers time their application for listing on an organized stock exchange.",1995-12-31T00:00:00Z,1990-12-31T00:00:00Z,1962-01-01T00:00:00Z,1_clear,EW,agnostic,,,FALSE,Dharan Ikenberry
ExclExp,RAS,"Doyle, Lundholm and Soliman",2003,mispricing,Excluded Expenses,0,,We also find that investors do not fully appreciate the lower cash flow implications at the time of the earnings announcement,2003-12-31T00:00:00Z,1999-12-31T00:00:00Z,1988-01-01T00:00:00Z,1_clear,EW,mispricing,,,FALSE,Doyle Lundholm Soliman
FEPS,WP,"Cen, Wei, and Zhang",2006,mispricing,Analyst earnings per share,0,,"This FEPS effect is the strongest for stocks of small firms, those with low prices, those with little analyst coverage, and those that were past losers

We also find that trading strategies based on FEPS are not fundamentally riskier.",2006-12-31T00:00:00Z,2002-12-31T00:00:00Z,1983-01-01T00:00:00Z,1_clear,EW,mispricing,"Published as Cen, Hilary, and Wei 2013 JFQA.  Published version is somewhat different by adjusting for industry medians and the argument is somewhat different, though still behavioral.  Seems like a nice example of data mining and then explanation years later.",,TRUE,Cen Wei Zhang
fgr5yrLag,JF,La Porta,1996,mispricing,Long-term EPS forecast,0,,I show that investment strategies that seek to exploit errors in analysts' forecasts earn superior returns because expectations about future growth in earnings are too extreme.,1996-12-31T00:00:00Z,1990-12-31T00:00:00Z,1983-01-01T00:00:00Z,1_clear,EW,mispricing,,,FALSE,La Porta
FirmAgeMom,JF,Zhang,2004,mispricing,Firm Age - Momentum,0,,"My main hypothesis is that if investors underreact to public information, they will underreact even more in cases of greater information uncertainty",2004-12-31T00:00:00Z,2001-12-31T00:00:00Z,1983-01-01T00:00:00Z,1_clear,EW,mispricing,,,TRUE,Zhang
ForecastDispersion,JF,"Diether, Malloy and Scherbina",2002,mispricing,EPS Forecast Dispersion,0,,"We provide evidence that stocks with higher dispersion in analysts' earnings forecasts earn lower future returns than otherwise similar stocks. ... Interpreting dispersion in analysts' forecasts as a proxy for differences in opinion about a stock, we show that this evidence is consistent with the hypothesis that prices will reflect the optimistic view whenever investors with the lowest valuations do not trade",2002-12-31T00:00:00Z,2000-12-31T00:00:00Z,1976-01-01T00:00:00Z,1_clear,EW,mispricing,,,FALSE,Diether Malloy Scherbina
FR,JF,Franzoni and Marin,2006,mispricing,Pension Funding Status,0,,The paper argues that the market significantly overvalues firms with severely underfunded pensions,2006-12-31T00:00:00Z,2002-12-31T00:00:00Z,1980-01-01T00:00:00Z,2_likely,EW,mispricing,,,TRUE,Franzoni Marin
Frontier,JFQA,Nguyen and Swanson,2009,risk,Efficient frontier index,0,,"This paper does not address what causes inefficiencies, but instead examines the linkage between the firm efficiency level and subsequent stock performance",2009-12-31T00:00:00Z,2003-12-31T00:00:00Z,1980-01-01T00:00:00Z,1_clear,EW,risk,Recategorized Nov 13,,TRUE,Nguyen Swanson
Governance,QJE,"Gompers, Ishii and Metrick",2003,agnostic,Governance Index,0,,"We consider several explanations for the results, but the data do not allow strong conclusions about causality",2003-12-31T00:00:00Z,1999-12-31T00:00:00Z,1990-01-01T00:00:00Z,1_clear,VW,agnostic,,,FALSE,Gompers Ishii Metrick
GP,JFE,Novy-Marx,2013,agnostic,gross profits / total assets,0,,"These results are difficult to reconcile with popular explanations of the value premium, as profitable firms are less prone to distress, have longer cash flow durations, and have lower levels of operating leverage.",2013-12-31T00:00:00Z,2010-12-31T00:00:00Z,1963-01-01T00:00:00Z,1_clear,VW,agnostic,,,TRUE,Novy-Marx
GrAdExp,RFS,Lou,2014,mispricing,Growth in advertising expenses,0,,"This paper provides evidence that managers adjust firm advertising, in part, to attract investor
attention and influence short-term stock returns",2014-12-31T00:00:00Z,2010-12-31T00:00:00Z,1974-01-01T00:00:00Z,1_clear,EW,mispricing,,,TRUE,Lou
grcapx,JF,Anderson and Garcia-Feijoo,2006,risk,Change in capex (two years),0,,"stock returns. These findings are consistent with
recent theoretical models (e.g., Berk, Green, and Naik (1999)) in which the exercise
of investment-growth options results in changes in both valuation and expected stock
returns",2006-12-31T00:00:00Z,1999-12-31T00:00:00Z,1976-01-01T00:00:00Z,1_clear,EW,risk,,,TRUE,Anderson Garcia-Feijoo
grcapx3y,JF,Anderson and Garcia-Feijoo,2006,risk,Change in capex (three years),0,,"stock returns. These findings are consistent with
recent theoretical models (e.g., Berk, Green, and Naik (1999)) in which the exercise
of investment-growth options results in changes in both valuation and expected stock
returns",2006-12-31T00:00:00Z,1999-12-31T00:00:00Z,1976-01-01T00:00:00Z,1_clear,EW,risk,,,TRUE,Anderson Garcia-Feijoo
GrLTNOA,AR,"Fairfield, Whisenant and Yohn",2003,mispricing,Growth in long term operating assets,0,,"Thus, the results suggest that the accrual anomaly documented in Sloan (1996) is a subset of a larger anomaly with respect to a general market mispricing of growth in net operating assets",2003-12-31T00:00:00Z,1993-12-31T00:00:00Z,1964-01-01T00:00:00Z,2_likely,EW,mispricing,,,FALSE,Fairfield Whisenant Yohn
GrSaleToGrInv,AR,Abarbanell and Bushee,1998,mispricing,Sales growth over inventory growth,0,,"These results suggest that """"unaccounted
for risk"""" is not a complete explanation for the success of the strategy.",1998-12-31T00:00:00Z,1988-12-31T00:00:00Z,1974-01-01T00:00:00Z,2_likely,EW,mispricing,,,FALSE,Abarbanell Bushee
Herf,JF,Hou and Robinson,2006,risk,Industry concentration (sales),0,,"Our findings are consistent with the view that innovation/distress
risk, which is more pronounced in competitive industries, is a priced source of
risk in the context of the multifactor asset pricing models of Merton (1973) and
Ross (1976).",2006-12-31T00:00:00Z,2001-12-31T00:00:00Z,1963-01-01T00:00:00Z,1_clear,EW,risk,,,TRUE,Hou Robinson
HerfAsset,JF,Hou and Robinson,2006,risk,Industry concentration (assets),0,,"Our findings are consistent with the view that innovation/distress
risk, which is more pronounced in competitive industries, is a priced source of
risk in the context of the multifactor asset pricing models of Merton (1973) and
Ross (1976).",2006-12-31T00:00:00Z,2001-12-31T00:00:00Z,1963-01-01T00:00:00Z,2_likely,EW,risk,,,TRUE,Hou Robinson
HerfBE,JF,Hou and Robinson,2006,risk,Industry concentration (equity),0,,"Our findings are consistent with the view that innovation/distress
risk, which is more pronounced in competitive industries, is a priced source of
risk in the context of the multifactor asset pricing models of Merton (1973) and
Ross (1976).",2006-12-31T00:00:00Z,2001-12-31T00:00:00Z,1963-01-01T00:00:00Z,1_clear,EW,risk,,,TRUE,Hou Robinson
High52,JF,George and Hwang,2004,mispricing,52 week high,0,,these findings present a serious challenge to the view that markets are semi strong-form efficient,2004-12-31T00:00:00Z,2001-12-31T00:00:00Z,1963-01-01T00:00:00Z,2_likely,EW,mispricing,,,TRUE,George Hwang
hire,JPE,"Bazdresch, Belo and Lin",2014,risk,Employment growth,0,,"we interpret this difference in average returns, which we refer to as the hiring return spread, as reflecting the relatively lower risk of the firms with higher hiring rates",2014-12-31T00:00:00Z,2010-12-31T00:00:00Z,1965-01-01T00:00:00Z,1_clear,EW,risk,,,TRUE,Bazdresch Belo Lin
IdioRisk,JF,Ang et al.,2006,agnostic,Idiosyncratic risk,0,,We find that innovations in aggregate volatility carry a statistically significant negative price of risk,2006-12-31T00:00:00Z,2000-12-31T00:00:00Z,1963-01-01T00:00:00Z,1_clear,VW,agnostic,,,TRUE,Ang
IdioVol3F,JF,Ang et al.,2006,agnostic,Idiosyncratic risk (3 factor),0,,"Hence, our
results on idiosyncratic volatility represent a substantive puzzle",2006-12-31T00:00:00Z,2000-12-31T00:00:00Z,1963-01-01T00:00:00Z,1_clear,VW,agnostic,,,TRUE,Ang
IdioVolAHT,JFE,"Ali, Hwang, and Trombley",2003,mispricing,Idiosyncratic risk (AHT),0,,"These findings
are consistent with the Shleifer and Vishny (1997) thesis that risk associated with the volatility of
arbitrage returns deters arbitrage activity",2003-12-31T00:00:00Z,1997-12-31T00:00:00Z,1976-01-01T00:00:00Z,1_clear,VW,mispricing,,,FALSE,Ali Hwang Trombley
Illiquidity,JFM,Amihud,2002,mispricing,Amihud's illiquidity,1,Liquidity should increase over time,"“These findings indicate that investors over- react to consistency in financial metrics, but this overreaction is more pronounced and persistent for consistent low-growth firms than that for consistent high-performing firms.”",2002-12-31T00:00:00Z,1997-12-31T00:00:00Z,1964-01-01T00:00:00Z,1_clear,EW,mispricing,iliquidity,,FALSE,Amihud
IndIPO,JF,Ritter,1991,mispricing,Initial Public Offerings,0,,"The patterns are consistent with an
IPO market in which (1) investors are periodically overoptimistic about the earnings potential of young growth companies, and (2) firms take advantage of these
""""windows of opportunity.""""",1991-12-31T00:00:00Z,1987-12-31T00:00:00Z,1975-01-01T00:00:00Z,1_clear,EW,mispricing,,,FALSE,Ritter
IndMom,JFE,Grinblatt and Moskowitz,1999,agnostic,Industry Momentum,0,,* conclusion offers multiple explanations for excess returns in  intermediate time horizon industry momentum trading relating to behavioral and risk characteristics,1999-12-31T00:00:00Z,1995-12-31T00:00:00Z,1963-01-01T00:00:00Z,1_clear,EW,agnostic,,,FALSE,Grinblatt Moskowitz
IndRetBig,RFS,Hou,2007,mispricing,Industry return of big firms,0,,"I primarily focus on a third group of explanations,
which argues that the lead-lag effect arises because certain firms react
more sluggishly to common information than do others",2007-12-31T00:00:00Z,2001-12-31T00:00:00Z,1972-01-01T00:00:00Z,1_clear,EW,mispricing,,,TRUE,Hou
IntanBM,JF,Daniel and Titman,2006,agnostic,Intangible return using BM,0,,Our finding… …is potentially consistent with standard risk-based models… …Behavioral theories may offer another avenue for explaining these results.,2006-12-31T00:00:00Z,2003-12-31T00:00:00Z,1968-01-01T00:00:00Z,1_clear,EW,agnostic,,,TRUE,Daniel Titman
IntanCFP,JF,Daniel and Titman,2006,agnostic,Intangible return using CFtoP,0,,Our finding… …is potentially consistent with standard risk-based models… …Behavioral theories may offer another avenue for explaining these results.,2006-12-31T00:00:00Z,2003-12-31T00:00:00Z,1968-01-01T00:00:00Z,1_clear,EW,agnostic,,,TRUE,Daniel Titman
IntanEP,JF,Daniel and Titman,2006,agnostic,Intangible return using EP,0,,Our finding… …is potentially consistent with standard risk-based models… …Behavioral theories may offer another avenue for explaining these results.,2006-12-31T00:00:00Z,2003-12-31T00:00:00Z,1968-01-01T00:00:00Z,1_clear,EW,agnostic,,,TRUE,Daniel Titman
IntanSP,JF,Daniel and Titman,2006,agnostic,Intangible return using Sale2P,0,,Our finding… …is potentially consistent with standard risk-based models… …Behavioral theories may offer another avenue for explaining these results.,2006-12-31T00:00:00Z,2003-12-31T00:00:00Z,1968-01-01T00:00:00Z,1_clear,EW,agnostic,,,TRUE,Daniel Titman
IntMom,JFE,Novy-Marx,2012,agnostic,Intermediate Momentum,0,,"None of the popular explanations,
either behavioral (e.g., Barberis, Shleifer and Vishny, 1998;
Hong and Stein, 1999; Hirshleifer and Subrahmanyam,
1999) or rational (e.g., Johnson, 2002; Sagi and Seasholes,
2007), delivers the observed term-structure of momentum
information,",2012-12-31T00:00:00Z,2010-12-31T00:00:00Z,1927-01-01T00:00:00Z,1_clear,VW,agnostic,,,TRUE,Novy-Marx
Investment,JFQA,"Titman, Wei and Xie",2004,mispricing,Investment to revenue,0,,These observations are consistent with the hypothesis that investors tend to underreact to the empire building implications of increased investment expenditures,2004-12-31T00:00:00Z,1996-12-31T00:00:00Z,1973-01-01T00:00:00Z,1_clear,VW,mispricing,,,TRUE,Titman Wei Xie
InvestPPEInv,RFS,"Lyandres, Sun and Zhang",2008,risk,change in ppe and inv/assets,0,,"In their real options model, Carlson et al. argue that firms have expansion
options and assets in place prior to equity issuance. This composition is levered
and risky. If real investment is financed by equity, then risk and expected returns
must decrease because investment extinguishes the risky expansion options.",2008-12-31T00:00:00Z,2005-12-31T00:00:00Z,1970-01-01T00:00:00Z,1_clear,EW,risk,,,TRUE,Lyandres Sun Zhang
InvGrowth,RFS,Belo and Lin,2012,risk,Inventory Growth,0,,Optimal capital and inventory investment determine firms’ dividends and market value thus establishing an endogenous link between the inventory investment rate and firms’ risk,2012-12-31T00:00:00Z,2009-12-31T00:00:00Z,1965-01-01T00:00:00Z,1_clear,EW,risk,,,TRUE,Belo Lin
IO_ShortInterest,JFE,Asquith Pathak and Ritter,2005,mispricing,Inst own among high short interest,0,,"We also find that the underperformance of high short interest stocks is fairly brief. Thus, to realize the negative abnormal returns on these stocks, frequent portfolio rebalancing is required.",2005-12-31T00:00:00Z,2002-12-31T00:00:00Z,1980-01-01T00:00:00Z,2_likely,EW,mispricing,,,TRUE,Asquith Pathak Ritter
iomom_cust,JF,Menzly and Ozbas,2010,mispricing,Customers momentum,0,,"All of these findings are consistent
with limited-information models",2010-12-31T00:00:00Z,2005-12-31T00:00:00Z,1986-01-01T00:00:00Z,1_clear,EW,mispricing,,,TRUE,Menzly Ozbas
iomom_supp,JF,Menzly and Ozbas,2010,mispricing,Suppliers momentum,0,,"All of these findings are consistent
with limited-information models",2010-12-31T00:00:00Z,2005-12-31T00:00:00Z,1986-01-01T00:00:00Z,1_clear,EW,mispricing,,,TRUE,Menzly Ozbas
Leverage,JFE,Bhandari,1988,mispricing,Market leverage,0,,"it is not likely that the """"premiums"""" associated with DER, LTEQ, and probably
even BETA are due to higher risk",1988-12-31T00:00:00Z,1981-12-31T00:00:00Z,1952-01-01T00:00:00Z,1_clear,EW,mispricing,,,FALSE,Bhandari
LRreversal,JF,De Bondt and Thaler,1985,mispricing,Long-run reversal,0,,"The empirical evidence, based on CRSP monthly return data, is consistent with the overreaction hypothesis. Substantial weak form market inefficiencies are discovered. The results also shed new light on the January returns earned by prior “winners” and “losers.” Portfolios of losers experience exceptionally large January returns as late as five years after portfolio formation.",1985-12-31T00:00:00Z,1982-12-31T00:00:00Z,1929-01-01T00:00:00Z,1_clear,EW,mispricing,,,FALSE,De Bondt Thaler
MaxRet,JF,"Bali, Cakici, and Whitelaw",2010,mispricing,Maximum return over month,0,,Why is the effect we report not traded away by other well-diversified investors? Exploiting this phenomenon would require shorting stocks with extreme positive returns. The inability and/or unwillingness of many investors to engage in short-selling has been discussed extensively in the literature.,2010-12-31T00:00:00Z,2005-12-31T00:00:00Z,1962-01-01T00:00:00Z,1_clear,VW,mispricing,,,TRUE,Bali Cakici Whitelaw
MeanRankRevGrowth,JF,"Lakonishok, Shleifer, Vishny",1994,mispricing,Revenue Growth Rank,0,,This article provides evidence that value strategies yield higher returns because these strategies exploit the suboptimal behavior of the typical investor and not because these strategies are fundamentally riskier.,1994-12-31T00:00:00Z,1990-12-31T00:00:00Z,1968-01-01T00:00:00Z,1_clear,EW,mispricing,,,FALSE,Lakonishok Shleifer Vishny
Mom12m,JF,Jegadeesh and Titman,1993,mispricing,Momentum (12 month),0,,"The evidence is, however, consistent with delayed price reactions to firm-specific information.",1993-12-31T00:00:00Z,1989-12-31T00:00:00Z,1964-01-01T00:00:00Z,1_clear,EW,mispricing,,,FALSE,Jegadeesh Titman
Mom12mOffSeason,JFE,Heston and Sadka,2008,agnostic,Momentum without the seasonal part,0,,"[no nice quotes] Additional diagnostics show the seasonal effect occurs within industry and size categories. In this respect, it does not appear to be a byproduct of stock characteristics or simple proxies for risk.",2008-12-31T00:00:00Z,2002-12-31T00:00:00Z,1965-01-01T00:00:00Z,1_clear,EW,agnostic,,,TRUE,Heston Sadka
Mom6m,JF,Jegadeesh and Titman,1993,mispricing,Momentum (6 month),0,,"The evidence is, however, consistent with delayed price reactions to firm-specific information.",1993-12-31T00:00:00Z,1989-12-31T00:00:00Z,1964-01-01T00:00:00Z,1_clear,EW,mispricing,,,FALSE,Jegadeesh Titman
Mom6mJunk,JF,Avramov et al,2007,risk,Junk Stock Momentum,0,,The results show that the link between momentum and credit risk remains strong and significant,2007-12-31T00:00:00Z,2003-12-31T00:00:00Z,1985-01-01T00:00:00Z,1_clear,EW,risk,,,TRUE,Avramov
MomOffSeason,JFE,Heston and Sadka,2008,agnostic,Off season long-term reversal,0,,"[no nice quotes] Additional diagnostics show the seasonal effect occurs within industry and size categories. In this respect, it does not appear to be a byproduct of stock characteristics or simple proxies for risk.",2008-12-31T00:00:00Z,2002-12-31T00:00:00Z,1965-01-01T00:00:00Z,1_clear,EW,agnostic,,,TRUE,Heston Sadka
MomOffSeason06YrPlus,JFE,Heston and Sadka,2008,agnostic,Off season reversal years 6 to 10,0,,"[no nice quotes] Additional diagnostics show the seasonal effect occurs within industry and size categories. In this respect, it does not appear to be a byproduct of stock characteristics or simple proxies for risk.",2008-12-31T00:00:00Z,2002-12-31T00:00:00Z,1965-01-01T00:00:00Z,1_clear,EW,agnostic,,,TRUE,Heston Sadka
MomOffSeason11YrPlus,JFE,Heston and Sadka,2008,agnostic,Off season reversal years 11 to 15,0,,"[no nice quotes] Additional diagnostics show the seasonal effect occurs within industry and size categories. In this respect, it does not appear to be a byproduct of stock characteristics or simple proxies for risk.",2008-12-31T00:00:00Z,2002-12-31T00:00:00Z,1965-01-01T00:00:00Z,2_likely,EW,agnostic,,,TRUE,Heston Sadka
MomOffSeason16YrPlus,JFE,Heston and Sadka,2008,agnostic,Off season reversal years 16 to 20,0,,"[no nice quotes] Additional diagnostics show the seasonal effect occurs within industry and size categories. In this respect, it does not appear to be a byproduct of stock characteristics or simple proxies for risk.",2008-12-31T00:00:00Z,2002-12-31T00:00:00Z,1965-01-01T00:00:00Z,1_clear,EW,agnostic,,,TRUE,Heston Sadka
MomRev,JOIM,Chan and Ko,2006,mispricing,Momentum and LT Reversal,0,,"Suppose a stock overshoots the equilibrium value so that it experiences a price reversal. Since a price reversal is triggered only if there is substantial mispricing, the price momentum in the early stage of price reversal will be large in order to push the price back to the equilibrium value.",2006-12-31T00:00:00Z,2001-12-31T00:00:00Z,1965-01-01T00:00:00Z,1_clear,EW,mispricing,,,TRUE,Chan Ko
MomSeason,JFE,Heston and Sadka,2008,agnostic,Return seasonality years 2 to 5,0,,"[no nice quotes] Additional diagnostics show the seasonal effect occurs within industry and size categories. In this respect, it does not appear to be a byproduct of stock characteristics or simple proxies for risk.",2008-12-31T00:00:00Z,2002-12-31T00:00:00Z,1965-01-01T00:00:00Z,1_clear,EW,agnostic,,,TRUE,Heston Sadka
MomSeason06YrPlus,JFE,Heston and Sadka,2008,agnostic,Return seasonality years 6 to 10,0,,"[no nice quotes] Additional diagnostics show the seasonal effect occurs within industry and size categories. In this respect, it does not appear to be a byproduct of stock characteristics or simple proxies for risk.",2008-12-31T00:00:00Z,2002-12-31T00:00:00Z,1965-01-01T00:00:00Z,1_clear,EW,agnostic,,,TRUE,Heston Sadka
MomSeason11YrPlus,JFE,Heston and Sadka,2008,agnostic,Return seasonality years 11 to 15,0,,"[no nice quotes] Additional diagnostics show the seasonal effect occurs within industry and size categories. In this respect, it does not appear to be a byproduct of stock characteristics or simple proxies for risk.",2008-12-31T00:00:00Z,2002-12-31T00:00:00Z,1965-01-01T00:00:00Z,1_clear,EW,agnostic,,,TRUE,Heston Sadka
MomSeason16YrPlus,JFE,Heston and Sadka,2008,agnostic,Return seasonality years 16 to 20,0,,"[no nice quotes] Additional diagnostics show the seasonal effect occurs within industry and size categories. In this respect, it does not appear to be a byproduct of stock characteristics or simple proxies for risk.",2008-12-31T00:00:00Z,2002-12-31T00:00:00Z,1965-01-01T00:00:00Z,1_clear,EW,agnostic,,,TRUE,Heston Sadka
MomSeasonShort,JFE,Heston and Sadka,2008,agnostic,Return seasonality last year,0,,"[no nice quotes] Additional diagnostics show the seasonal effect occurs within industry and size categories. In this respect, it does not appear to be a byproduct of stock characteristics or simple proxies for risk.",2008-12-31T00:00:00Z,2002-12-31T00:00:00Z,1965-01-01T00:00:00Z,1_clear,EW,agnostic,,,TRUE,Heston Sadka
MomVol,JF,Lee and Swaminathan,2000,mispricing,Momentum in high volume stocks,0,,"our evidence shows that the information content of trading volume is related to market misperceptions of firms’ future earnings prospects. Specifically, we provide strong evidence that low ~high! volume stocks tend to be under- ~over-! valued by the market",2000-12-31T00:00:00Z,1995-12-31T00:00:00Z,1965-01-01T00:00:00Z,1_clear,EW,mispricing,,,FALSE,Lee Swaminathan
MRreversal,JF,De Bondt and Thaler,1985,mispricing,Medium-run reversal,0,,"The empirical evidence, based on CRSP monthly return data, is consistent with the overreaction hypothesis. Substantial weak form market inefficiencies are discovered. The results also shed new light on the January returns earned by prior “winners” and “losers.” Portfolios of losers experience exceptionally large January returns as late as five years after portfolio formation.",1985-12-31T00:00:00Z,1980-12-31T00:00:00Z,1933-01-01T00:00:00Z,2_likely,EW,mispricing,,,FALSE,De Bondt Thaler
MS,RAS,Mohanram,2005,mispricing,Mohanram G-score,0,,"the results are inconsistent with a risk-based explanation as returns are positive in most years, and firms with lower risk earn higher returns.",2005-12-31T00:00:00Z,2001-12-31T00:00:00Z,1978-01-01T00:00:00Z,1_clear,EW,mispricing,,,TRUE,Mohanram
NetDebtFinance,JAE,"Bradshaw, Richardson, Sloan",2006,mispricing,Net debt financing,0,,"Consistent with the misvaluation
explanation, our measure of external financing is positively related to overoptimism in analysts’
forecasts.",2006-12-31T00:00:00Z,2000-12-31T00:00:00Z,1971-01-01T00:00:00Z,1_clear,EW,mispricing,,,TRUE,Bradshaw Richardson Sloan
NetDebtPrice,JAR,"Penman, Richardson and Tuna",2007,agnostic,Net debt to price,0,,"This observation accords with the
view that the enterprise book-to-price ratio is a firm characteristic that loads
on a risk factor, but is also consistent with the mispricing of book values.
In the absence of a well-specified asset pricing model, the issue cannot be
sorted out.",2007-12-31T00:00:00Z,2001-12-31T00:00:00Z,1963-01-01T00:00:00Z,1_clear,EW,agnostic,,,TRUE,Penman Richardson Tuna
NetEquityFinance,JAE,"Bradshaw, Richardson, Sloan",2006,mispricing,Net equity financing,0,,"Consistent with the misvaluation
explanation, our measure of external financing is positively related to overoptimism in analysts’
forecasts.",2006-12-31T00:00:00Z,2000-12-31T00:00:00Z,1971-01-01T00:00:00Z,1_clear,EW,mispricing,,,TRUE,Bradshaw Richardson Sloan
NetPayoutYield,JF,Boudoukh et al.,2007,agnostic,Net Payout Yield,0,,"We show that the apparent demise of dividend yields as a predictor is due more to mismeasurement than alternative explanations such as spurious correlation, learning, etc.",2007-12-31T00:00:00Z,2003-12-31T00:00:00Z,1984-01-01T00:00:00Z,1_clear,EW,agnostic,The high minus low payout yield portfolio is a priced factor,,TRUE,Boudoukh
NOA,JAE,Hirshleifer et al.,2004,mispricing,Net Operating Assets,0,,"When the balance sheet is 'bloated' in this fashion, we argue that investors with limited attention will overvalue the firm",2004-12-31T00:00:00Z,2002-12-31T00:00:00Z,1964-01-01T00:00:00Z,1_clear,EW,mispricing,,,TRUE,Hirshleifer
NumEarnIncrease,MS,Loh and Warachka,2012,mispricing,Earnings streak length,0,,"Overall,
post-earnings-announcement drift has a significant time-series component that is consistent with the gambler’s
fallacy.",2012-12-31T00:00:00Z,2009-12-31T00:00:00Z,1987-01-01T00:00:00Z,2_likely,EW,mispricing,,,TRUE,Loh Warachka
OperProf,JFE,Fama and French,2006,agnostic,operating profits / book equity,0,,We take no stance on whether the patterns in average returns observed here are rational or irrational.,2006-12-31T00:00:00Z,2003-12-31T00:00:00Z,1977-01-01T00:00:00Z,2_likely,EW,agnostic,,,TRUE,Fama French
OperProfRD,JFE,Ball et al.,2016,agnostic,Operating profitability R&D adjusted,0,,"This could indicate an initial market under-reaction to cash
flow information that is gradually corrected over a decade.
Alternatively, this result could indicate that cash-based
profitability and expected returns share common economic
determinants (such as risk) that are relatively stationary
over time ( Ball, 1978 ).",2016-12-31T00:00:00Z,2014-12-31T00:00:00Z,1963-01-01T00:00:00Z,2_likely,VW,agnostic,,,TRUE,Ball
OPLeverage,ROF,Novy-Marx,2010,risk,Operating leverage,0,,"I derive and test implications of the operating leverage hypothesis for the cross-section
of expected returns",2010-12-31T00:00:00Z,2008-12-31T00:00:00Z,1963-01-01T00:00:00Z,1_clear,EW,risk,,,TRUE,Novy-Marx
OptionVolume1,JFE,Johnson and So,2012,mispricing,Option to stock volume,0,,"We argue that the negative relation between O/S and
future returns is driven by short-sale costs in equity
markets, which make option markets an attractive venue
for traders with negative news.",2012-12-31T00:00:00Z,2010-12-31T00:00:00Z,1996-01-01T00:00:00Z,1_clear,EW,mispricing,short-sale costs,,TRUE,Johnson So
OptionVolume2,JFE,Johnson and So,2012,mispricing,Option volume to average,0,,"We argue that the negative relation between O/S and
future returns is driven by short-sale costs in equity
markets, which make option markets an attractive venue
for traders with negative news.",2012-12-31T00:00:00Z,2010-12-31T00:00:00Z,1996-01-01T00:00:00Z,2_likely,EW,mispricing,,,TRUE,Johnson So
OrderBacklog,RAS,"Rajgopal, Shevlin, Venkatachalam",2003,mispricing,Order backlog,0,,We find that the stock market overweights the contribution of order backlog in predicting future earnings and a hedge strategy that exploits such overweighting generates significant future abnormal returns,2003-12-31T00:00:00Z,1999-12-31T00:00:00Z,1981-01-01T00:00:00Z,1_clear,EW,mispricing,,,FALSE,Rajgopal Shevlin Venkatachalam
OrderBacklogChg,Other,Baik and Ahn,2007,mispricing,Change in order backlog,0,,"our evidence indicates that analysts underreact to the
information in changes in order backlog.",2007-12-31T00:00:00Z,1999-12-31T00:00:00Z,1971-01-01T00:00:00Z,1_clear,EW,mispricing,Should we keep? It's in the Seoul Journal of Business.  We got this from HLZ.,,TRUE,Baik Ahn
OrgCap,JF,Eisfeldt and Papanikolaou,2013,risk,Organizational capital,0,,"We refer
to this type of intangible capital as organization capital and develop a structural model
to analyze its effect on asset prices. We argue that shareholders consider rms with high
levels of organization capital to be riskier than rms with more physical capital, and provide
empirical evidence supporting this claim.",2013-12-31T00:00:00Z,2008-12-31T00:00:00Z,1970-01-01T00:00:00Z,1_clear,VW,risk,,,TRUE,Eisfeldt Papanikolaou
OScore,JFE,Dichev,1998,mispricing,O Score,0,,"Evidence from trading strategies long on healthy firms
and short on distressed firms and an examination of longer return windows
suggest that mispricing is the more likely explanation for this surprising
phenomenon.",1998-12-31T00:00:00Z,1995-12-31T00:00:00Z,1981-01-01T00:00:00Z,1_clear,EW,mispricing,,,FALSE,Dichev
PatentsRD,JFE,"Hirschleifer, Hsu and Li",2013,mispricing,Patents to RD expenses,0,,"The IE-return relation is associated with the loading on a mispricing factor, and the high Sharpe ratio of the Efficient Minus Inefficient (EMI) portfolio suggests that mispricing plays an important role.",2013-12-31T00:00:00Z,2008-12-31T00:00:00Z,1982-01-01T00:00:00Z,1_clear,VW,mispricing,,,TRUE,Hirschleifer Hsu Li
PayoutYield,JF,Boudoukh et al.,2007,agnostic,Payout Yield,0,,"This shift in payout policy resulted in a magnification of an existing problem in measures of payout yields, namely, the exclusion of share repurchases. We show that once repurchases are taken into account, our measures of the total payout yield show significant predictive ability in both the time series and cross section of equity returns.",2007-12-31T00:00:00Z,2003-12-31T00:00:00Z,1984-01-01T00:00:00Z,1_clear,EW,agnostic,The high minus low payout yield portfolio is a priced factor,,TRUE,Boudoukh
PctAcc,AR,"Hafzalla, Lundholm, Van Winkle",2011,mispricing,Percent Operating Accruals,0,,"our results are consistent with the earnings fixation hypothesis
and are inconsistent with some alternative explanations for the accrual anomaly.",2011-12-31T00:00:00Z,2008-12-31T00:00:00Z,1989-01-01T00:00:00Z,1_clear,EW,mispricing,,,TRUE,Hafzalla Lundholm Van Winkle
PctTotAcc,AR,"Hafzalla, Lundholm, Van Winkle",2011,mispricing,Percent Total Accruals,0,,"our results are consistent with the earnings fixation hypothesis
and are inconsistent with some alternative explanations for the accrual anomaly.",2011-12-31T00:00:00Z,2008-12-31T00:00:00Z,1989-01-01T00:00:00Z,1_clear,EW,mispricing,,,TRUE,Hafzalla Lundholm Van Winkle
Price,JF,Blume and Husic,1972,agnostic,Price,0,,"the results
in this paper suggest that the return generating function may be considerably
more complex than many investigators have previously assumed.",1972-12-31T00:00:00Z,1971-12-31T00:00:00Z,1932-01-01T00:00:00Z,1_clear,EW,agnostic,,,FALSE,Blume Husic
PriceDelayRsq,RFS,Hou and Moskowitz,2005,mispricing,Price delay r square,0,,"These results cannot be explained by microstructure, liquidity effects, market risk, or other known determinants of average returns, but appear most consistent with Merton's (1987) investor-recognition hypothesis",2005-12-31T00:00:00Z,2001-12-31T00:00:00Z,1964-01-01T00:00:00Z,1_clear,EW,mispricing,,,TRUE,Hou Moskowitz
PriceDelaySlope,RFS,Hou and Moskowitz,2005,mispricing,Price delay coeff,0,,"These results cannot be explained by microstructure, liquidity effects, market risk, or other known determinants of average returns, but appear most consistent with Merton's (1987) investor-recognition hypothesis",2005-12-31T00:00:00Z,2001-12-31T00:00:00Z,1964-01-01T00:00:00Z,2_likely,EW,mispricing,,,TRUE,Hou Moskowitz
PriceDelayTstat,RFS,Hou and Moskowitz,2005,mispricing,Price delay SE adjusted,0,,"These results cannot be explained by microstructure, liquidity effects, market risk, or other known determinants of average returns, but appear most consistent with Merton's (1987) investor-recognition hypothesis",2005-12-31T00:00:00Z,2001-12-31T00:00:00Z,1964-01-01T00:00:00Z,2_likely,EW,mispricing,,,TRUE,Hou Moskowitz
ProbInformedTrading,JF,"Easley, Hvidkjaer and O'Hara",2002,risk,Probability of Informed Trading,0,,We show in a rational expectation example how private information affects equilibrium asset returns.,2002-12-31T00:00:00Z,1998-12-31T00:00:00Z,1984-01-01T00:00:00Z,2_likely,EW,risk,,,FALSE,Easley Hvidkjaer O'Hara
PS,AR,Piotroski,2000,mispricing,Piotroski F-score,0,,"Overall, the evidence suggests that  the market does not fully incorporate historical financial information into prices in a timely manner",2000-12-31T00:00:00Z,1996-12-31T00:00:00Z,1976-01-01T00:00:00Z,1_clear,VW,mispricing,,,FALSE,Piotroski
RD,JF,"Chan, Lakonishok and Sougiannis",2001,mispricing,R&D over market cap,0,,"However, the market is apparently too pessimistic about beaten-down R&D-intensive technology stocks' prospects. Companies with high R&D to equity market value (which tend to have poor past returns) earn large excess returns.",2001-12-31T00:00:00Z,1995-12-31T00:00:00Z,1975-01-01T00:00:00Z,1_clear,EW,mispricing,,,FALSE,Chan Lakonishok Sougiannis
RDAbility,RFS,"Cohen, Diether and Malloy",2013,mispricing,R&D ability,0,,the stock market appears to ignore the implications of past successes when valuing future innovation,2013-12-31T00:00:00Z,2009-12-31T00:00:00Z,1980-01-01T00:00:00Z,1_clear,EW,mispricing,,,TRUE,Cohen Diether Malloy
RDcap,RFS,Li,2011,risk,R&D capital-to-assets,0,,", R&D-intensive firms’ risk increases with their financial constraints",2011-12-31T00:00:00Z,2007-12-31T00:00:00Z,1980-01-01T00:00:00Z,1_clear,VW,risk,,,TRUE,Li
RDIPO,JBFA,"Gou, Lev and Shi",2006,mispricing,IPO and no R&D spending,0,,Financial scholars who research the initial underpricing and long-term underperformance of IPOs generally attribute these phenomena to information asymmetry and investors' misvaluations ... .our identification of R&D as a major factor affecting IPO's performance contributes to the understanding of this important economic and capital market phenomenon.,2006-12-31T00:00:00Z,1995-12-31T00:00:00Z,1980-01-01T00:00:00Z,1_clear,EW,mispricing,,,TRUE,Gou Lev Shi
RDS,AR,Landsman et al.,2011,mispricing,Real dirty surplus,0,,"Taken together, the findings are consistent with investors over-valuing firms that have large
negative really dirty surplus",2011-12-31T00:00:00Z,2003-12-31T00:00:00Z,1976-01-01T00:00:00Z,1_clear,EW,mispricing,,,TRUE,Landsman
realestate,RFS,Tuzel,2010,risk,Real estate holdings,0,,"I develop a general equilibrium production economy where firms use two factors: real estate and other capital. Investment is subject to asymmetric adjustment costs. Because real estate depreciates slowly, firms with high real estate holdings are more vulnerable to bad productivity shocks and hence are riskier and have higher expected returns.",2010-12-31T00:00:00Z,2005-12-31T00:00:00Z,1971-01-01T00:00:00Z,2_likely,VW,risk,,,TRUE,Tuzel
Recomm_ShortInterest,AR,"Drake, Rees and Swanson",2011,mispricing,Analyst Recommendations and Short-Interest,0,,"The characteristics of misvalued stocks can change over time, as long as short sellers and analysts disagree
about valuation and the current stock price under-weights the views of short sellers. The extent of
disagreement is also likely to be greatest in periods of high return volatility, and this is the type of
market environment in which investors want stock-picking guidance. Consistent with this conjecture, we find the highest returns during the 1999–2003 sub-period.",2011-12-31T00:00:00Z,2006-12-31T00:00:00Z,1994-01-01T00:00:00Z,1_clear,EW,mispricing,,,TRUE,Drake Rees Swanson
ResidualMomentum,JEmpFin,"Blitz, Huij and Martens",2011,mispricing,Momentum based on FF3 residuals,0,,"Our results are inconsistent with the notion that the momentum phenomenon can be
attributed to a priced risk factor or market microstructure effects.",2011-12-31T00:00:00Z,2009-12-31T00:00:00Z,1930-01-01T00:00:00Z,1_clear,EW,mispricing,,,TRUE,Blitz Huij Martens
retConglomerate,JFE,Cohen and Lou,2012,mispricing,Conglomerate return,0,,"Consistent with processing complexity driving the return relation, we further
show that the more complicated the firm, the more pronounced the return predict-
ability.",2012-12-31T00:00:00Z,2009-12-31T00:00:00Z,1977-01-01T00:00:00Z,1_clear,EW,mispricing,,,TRUE,Cohen Lou
ReturnSkew,Book,"Bali, Engle and Murray",2015,risk,Return skewness,0,,,2015-12-31T00:00:00Z,2012-12-31T00:00:00Z,1963-01-01T00:00:00Z,1_clear,EW,risk,,,TRUE,Bali Engle Murray
ReturnSkew3F,Book,"Bali, Engle and Murray",2015,risk,Idiosyncratic skewness (3F model),0,,,2015-12-31T00:00:00Z,2012-12-31T00:00:00Z,1963-01-01T00:00:00Z,1_clear,EW,risk,,,TRUE,Bali Engle Murray
REV6,JF,"Chan, Jegadeesh and Lakonishok",1996,mispricing,Earnings forecast revisions,0,,"The results suggest a market that responds only gradually to new
information.",1996-12-31T00:00:00Z,1992-12-31T00:00:00Z,1977-01-01T00:00:00Z,1_clear,EW,mispricing,,,FALSE,Chan Jegadeesh Lakonishok
RevenueSurprise,JFE,Jegadeesh and Livnat,2006,mispricing,Revenue Surprise,0,,"Although analysts revise their forecasts of future earnings in response to revenue surprises, they are slow to incorporate fully the information in revenue surprises.",2006-12-31T00:00:00Z,2003-12-31T00:00:00Z,1987-01-01T00:00:00Z,1_clear,EW,mispricing,,,TRUE,Jegadeesh Livnat
RIO_Disp,JF,Nagel,2005,mispricing,Inst Own and Forecast Dispersion,0,,"the evidence in this
paper supports mispricing explanations of cross-sectional return predictability.",2005-12-31T00:00:00Z,2003-12-31T00:00:00Z,1980-01-01T00:00:00Z,1_clear,EW,mispricing,,,TRUE,Nagel
RIO_MB,JF,Nagel,2005,mispricing,Inst Own and Market to Book,0,,"the evidence in this
paper supports mispricing explanations of cross-sectional return predictability.",2005-12-31T00:00:00Z,2003-12-31T00:00:00Z,1980-01-01T00:00:00Z,1_clear,EW,mispricing,,,TRUE,Nagel
RIO_Turnover,JF,Nagel,2005,mispricing,Inst Own and Turnover,0,,"the evidence in this
paper supports mispricing explanations of cross-sectional return predictability.",2005-12-31T00:00:00Z,2003-12-31T00:00:00Z,1980-01-01T00:00:00Z,1_clear,EW,mispricing,,,TRUE,Nagel
RIO_Volatility,JF,Nagel,2005,mispricing,Inst Own and Idio Vol,0,,"the evidence in this
paper supports mispricing explanations of cross-sectional return predictability.",2005-12-31T00:00:00Z,2003-12-31T00:00:00Z,1980-01-01T00:00:00Z,1_clear,EW,mispricing,,,TRUE,Nagel
roaq,JAE,"Balakrishnan, Bartov and Faurel",2010,mispricing,Return on assets (qtrly),0,,We document a market failure to fully respond to loss/profit quarterly announcements.,2010-12-31T00:00:00Z,2005-12-31T00:00:00Z,1976-01-01T00:00:00Z,1_clear,EW,mispricing,,,TRUE,Balakrishnan Bartov Faurel
RoE,JFE,Haugen and Baker,1996,mispricing,net income / book equity,0,,"Overall, the results seem to reveal a major failure in the Efficient Markets Hypothesis.",1996-12-31T00:00:00Z,1993-12-31T00:00:00Z,1979-01-01T00:00:00Z,2_likely,EW,mispricing,,,FALSE,Haugen Baker
sfe,AR,"Elgers, Lo and Pfeiffer",2001,mispricing,Earnings Forecast to price,0,,"This delayed price response is more pronounced for firms with relatively low analyst coverage, consistent with the premise that low financial analyst coverage is associated with a variety of factors that impede the information efficiency of the security market.",2001-12-31T00:00:00Z,1998-12-31T00:00:00Z,1982-01-01T00:00:00Z,1_clear,EW,mispricing,,,FALSE,Elgers Lo Pfeiffer
ShareIss1Y,JF,Pontiff and Woodgate,2008,agnostic,Share issuance (1 year),0,,"Although we do not address whether the source of this predictability is mispricing or a rational response to an asset pricing model, it appears doubtful that these results can be explained solely by a risk-based asset pricing model.",2008-12-31T00:00:00Z,2003-12-31T00:00:00Z,1970-01-01T00:00:00Z,1_clear,EW,agnostic,,,TRUE,Pontiff Woodgate
ShareIss5Y,JF,Daniel and Titman,2006,agnostic,Share issuance (5 year),0,,Our finding… …is potentially consistent with standard risk-based models… …Behavioral theories may offer another avenue for explaining these results.,2006-12-31T00:00:00Z,2003-12-31T00:00:00Z,1968-01-01T00:00:00Z,1_clear,EW,agnostic,,,TRUE,Daniel Titman
ShareRepurchase,JFE,"Ikenberry, Lakonishok, Vermaelen",1995,mispricing,Share repurchases,0,,"Thus, at least with respect to value stocks, the market errs in its initial response and appears to ignore much of the information conveyed through repurchase announcements",1995-12-31T00:00:00Z,1990-12-31T00:00:00Z,1980-01-01T00:00:00Z,2_likely,EW,mispricing,,,FALSE,Ikenberry Lakonishok Vermaelen
ShareVol,JFM,"Datar, Naik and Radcliffe",1998,mispricing,Share Volume,1,Liquidity should improve over time,The evidence suggests that liquidity plays a significant role in explaining the cross-sectional variation in stock returns.,1998-12-31T00:00:00Z,1991-12-31T00:00:00Z,1962-01-01T00:00:00Z,1_clear,EW,mispricing,liquidity,,FALSE,Datar Naik Radcliffe
ShortInterest,JFE,Dechow et al.,2001,mispricing,Short Interest,0,,"Under this interpretation, short-sellers achieve superior returns by short-selling low-risk stocks.",2001-12-31T00:00:00Z,1993-12-31T00:00:00Z,1976-01-01T00:00:00Z,2_likely,EW,mispricing,,,FALSE,Dechow
sinAlgo,JFE,Hong and Kacperczyk,2009,risk,Sin Stock (selection criteria),0,,"Sin stocks also have higher expected returns than otherwise comparable stocks, consistent with them being neglected by norm-constrained investors and facing greater litigation risk heightened by social norms

In this paper, we provide evidence of significant effects of social norms on markets by studying the investing environment of ‘‘sin’’ stocks",2009-12-31T00:00:00Z,2006-12-31T00:00:00Z,1926-01-01T00:00:00Z,2_likely,EW,risk,"Could be mispricing, since they cite Merton (1987).",,TRUE,Hong Kacperczyk
Size,JFE,Banz,1981,agnostic,Size,0,,"To summarize, the size effect exists but it is not at all clear why it exists.",1981-12-31T00:00:00Z,1975-12-31T00:00:00Z,1926-01-01T00:00:00Z,1_clear,EW,agnostic,,,FALSE,Banz
skew1,JFQA,"Xing, Zhang and Zhao",2010,mispricing,Volatility smirk near the money,0,,"The results are consistent with the notion that informed traders with negative
news prefer to trade out-of-the-money put options, and that the equity market is slow in
incorporating the information embedded in volatility smirks.",2010-12-31T00:00:00Z,2005-12-31T00:00:00Z,1996-01-01T00:00:00Z,2_likely,EW,mispricing,,,TRUE,Xing Zhang Zhao
SmileSlope,JFE,Yan,2011,risk,Put volatility minus call volatility,0,,"In the presence of jump risk, expected stock return is a function of the average jump size, which can be proxied by the slope of option implied volatility smile",2011-12-31T00:00:00Z,2005-12-31T00:00:00Z,1996-01-01T00:00:00Z,1_clear,EW,risk,,,TRUE,Yan
SP,FAJ,"Barbee, Mukherji and Raines",1996,agnostic,Sales-to-price,0,,"The arguments and evidence presented in the
preceding paragraphs suggest that the S/P and
D/E may be more efficient explanatory factors for
common stock returns than the variables identified
by Fama and French",1996-12-31T00:00:00Z,1991-12-31T00:00:00Z,1979-01-01T00:00:00Z,2_likely,EW,agnostic,,,FALSE,Barbee Mukherji Raines
Spinoff,JFE,"Cusatis, Miles and Woolridge",1993,mispricing,Spinoffs,0,,These post-spinoff findings indicate that investors have not fully anticipated the increased takeover activity and therefore have underestimated the value created by spinoffs,1993-12-31T00:00:00Z,1988-12-31T00:00:00Z,1965-01-01T00:00:00Z,2_likely,VW,mispricing,,,FALSE,Cusatis Miles Woolridge
std_turn,JFE,"Chordia, Subra, Anshuman",2001,agnostic,Share turnover volatility,0,,"However, our
findings do not lend themselves to an obvious explanation, so that further
investigation of our results would appear to be a reasonable topic for future
research.",2001-12-31T00:00:00Z,1995-12-31T00:00:00Z,1966-01-01T00:00:00Z,1_clear,EW,agnostic,,,FALSE,Chordia Subra Anshuman
STreversal,JF,Jegadeesh,1989,agnostic,Short term reversal,0,,Predictability of stock returns can be attributed either to market inefficiency or to systematic changes in expected stock returns,1989-12-31T00:00:00Z,1987-12-31T00:00:00Z,1934-01-01T00:00:00Z,1_clear,EW,agnostic,,,FALSE,Jegadeesh
SurpriseRD,JF,"Eberhart, Maxwell and Siddique",2004,mispricing,Unexpected R&D increase,0,,"We find consistent evidence of a mis-reaction, as manifested in the significantly positive abnormal stock returns that our sample firms' shareholders experience following these increases.",2004-12-31T00:00:00Z,2001-12-31T00:00:00Z,1974-01-01T00:00:00Z,1_clear,EW,mispricing,,,TRUE,Eberhart Maxwell Siddique
tang,JF,Hahn and Lee,2009,risk,Tangibility,0,,"In the language of asset pricing, higher debt capacity firms have higher exposure to the risk associated with changes in the availability of internal and external funds for investment. Consequently, if such risk is priced by the market, then we should expect that high debt capacity firms will earn higher returns on average",2009-12-31T00:00:00Z,2001-12-31T00:00:00Z,1973-01-01T00:00:00Z,1_clear,EW,risk,,,TRUE,Hahn Lee
Tax,AR,Lev and Nissim,2004,mispricing,Taxable income to income,0,,"It appears, therefore, that during the 1990s investors became increasingly adept at using the forward-looking information in taxable income (or correlated information) in securities valuation",2004-12-31T00:00:00Z,2000-12-31T00:00:00Z,1973-01-01T00:00:00Z,1_clear,EW,mispricing,,,TRUE,Lev Nissim
TotalAccruals,JAE,Richardson et al.,2005,mispricing,Total accruals,0,,"Empirical tests generally confirm that less reliable accruals lead to lower earnings
persistence and that investors do not fully anticipate the lower earnings persistence, leading to significant security mispricing",2005-12-31T00:00:00Z,2001-12-31T00:00:00Z,1962-01-01T00:00:00Z,1_clear,EW,mispricing,,,TRUE,Richardson
TrendFactor,JFE,"Han, Zhou, Zhu",2016,agnostic,Trend Factor,0,,"we provide a trend factor that synthesizes
the short-, intermediate-, and long-term price signals of
the stock market.",2016-12-31T00:00:00Z,2014-12-31T00:00:00Z,1930-01-01T00:00:00Z,1_clear,EW,agnostic,,,TRUE,Han Zhou Zhu
UpRecomm,JF,Barber et al.,2002,mispricing,Up Forecast,0,,"We believe it is most likely that our results are evidence of a market that
is semistrong inefficient (before transactions costs).",2002-12-31T00:00:00Z,1997-12-31T00:00:00Z,1985-01-01T00:00:00Z,2_likely,EW,mispricing,,,FALSE,Barber
VolMkt,JFE,Haugen and Baker,1996,mispricing,Volume to market equity,0,,"Overall, the results seem to reveal a major failure in the Efficient Markets Hypothesis.",1996-12-31T00:00:00Z,1993-12-31T00:00:00Z,1979-01-01T00:00:00Z,2_likely,EW,mispricing,,,FALSE,Haugen Baker
VolSD,JFE,"Chordia, Subra, Anshuman",2001,agnostic,Volume Variance,0,,"However, our findings do not lend themselves to an obvious explanation, so that further
investigation of our results would appear to be a reasonable topic for future
research.",2001-12-31T00:00:00Z,1995-12-31T00:00:00Z,1966-01-01T00:00:00Z,1_clear,EW,agnostic,,,FALSE,Chordia Subra Anshuman
VolumeTrend,JFE,Haugen and Baker,1996,mispricing,Volume Trend,0,,"Overall, the results seem to reveal a major failure in the Efficient Markets Hypothesis.",1996-12-31T00:00:00Z,1993-12-31T00:00:00Z,1979-01-01T00:00:00Z,2_likely,EW,mispricing,,,FALSE,Haugen Baker
XFIN,JAE,"Bradshaw, Richardson, Sloan",2006,mispricing,Net external financing,0,,"Consistent with the misvaluation
explanation, our measure of external financing is positively related to overoptimism in analysts’
forecasts.",2006-12-31T00:00:00Z,2000-12-31T00:00:00Z,1971-01-01T00:00:00Z,1_clear,EW,mispricing,,,TRUE,Bradshaw Richardson Sloan
zerotrade,JFE,Liu,2006,risk,Days with zero trades,1,Exposure to liquidity risk,"The success of the liquidity-augmented two-factor model suggests that liquidity
risk is an especially promising direction in this continued search.",2006-12-31T00:00:00Z,2003-12-31T00:00:00Z,1960-01-01T00:00:00Z,1_clear,EW,risk,,,TRUE,Liu
zerotradeAlt1,JFE,Liu,2006,risk,Days with zero trades,1,Exposure to liquidity risk,"The success of the liquidity-augmented two-factor model suggests that liquidity
risk is an especially promising direction in this continued search.",2006-12-31T00:00:00Z,2003-12-31T00:00:00Z,1960-01-01T00:00:00Z,1_clear,EW,risk,,,TRUE,Liu
zerotradeAlt12,JFE,Liu,2006,risk,Days with zero trades,1,Exposure to liquidity risk,"The success of the liquidity-augmented two-factor model suggests that liquidity
risk is an especially promising direction in this continued search.",2006-12-31T00:00:00Z,2003-12-31T00:00:00Z,1960-01-01T00:00:00Z,1_clear,EW,risk,,,TRUE,Liu
