signalname,Journal,Authors,Year,theory1,desc,misp_count,risk_count,misprice_risk_ratio,risk_mispricing_ratio,anomaly_sim,quote,pubdate,sampend,sampstart,OP_pred,sweight,theory,Notes,Keep,Note,post_2004,author_merge,word_count
AM,JF,Fama and French,1992,agnostic,Total assets to market,18,40,0.463414634146342,2.1578947368421,-0.00717254845174924,"Our main result is that two easily measured variables, size and book-to-market equity, seem to describe the cross-section of average stock returns.
Prescriptions for using this evidence depend on (a) whether it will persist, and (b) whether it results from rational or irrational asset-pricing.",1992-12-31T00:00:00Z,1990-12-31T00:00:00Z,1963-01-01T00:00:00Z,1_clear,EW,agnostic,"",1,,FALSE,Fama French,6574
AOP,JAE,Frankel and Lee,1998,agnostic,Analyst Optimism,36,15,2.3125,0.432432432432432,0.0464882842993598,"we acknowledge that high V_f/P firms may still be riskier
than low V_f /P firms in some other, as yet unidentified, dimension. We leave this
question to future research.",1998-12-31T00:00:00Z,1993-12-31T00:00:00Z,1975-01-01T00:00:00Z,2_likely,EW,agnostic,"",1,,FALSE,Frankel Lee,7363
AbnormalAccruals,AR,Xie,2001,mispricing,Abnormal Accruals,198,26,7.37037037037037,0.135678391959799,0.105714393660847,"I find that the market overestimates the persistence, or one-year-ahead earnings implications, of abnormal accruals, and consequently overprices these accruals",2001-12-31T00:00:00Z,1992-12-31T00:00:00Z,1971-01-01T00:00:00Z,1_clear,EW,mispricing,"",1,,FALSE,Xie,4438
Accruals,AR,Sloan,1996,mispricing,Accruals,41,24,1.68,0.595238095238095,0.0710454450866242,"stock prices are found to act as if investors """"fixate' on earnings, failing to reflect fully information contained in the accrual and cash flow components of current earnings until that information impacts future earnings",1996-12-31T00:00:00Z,1991-12-31T00:00:00Z,1962-01-01T00:00:00Z,1_clear,EW,mispricing,"",1,,FALSE,Sloan,6589
AccrualsBM,RFQA,Bartov and Kim,2004,mispricing,Book-to-market and accruals,70,21,3.22727272727273,0.309859154929577,0.0895498092946411,"In addition, this superior stock return performance is more pronounced among firms held primarily by small (unsophisticated) investors and followed less closely by market participants (stock price <$10).",2004-12-31T00:00:00Z,1998-12-31T00:00:00Z,1980-01-01T00:00:00Z,1_clear,EW,mispricing,"",1,,TRUE,Bartov Kim,5890
Activism1,JF,Cremers and Nair,2005,agnostic,Takeover vulnerability,83,14,5.6,0.178571428571429,0.0503677717633077,"However, any further differentiation among these interpretations hinges on the development
of a theory that would explain why (and if) governance should be associated with any priced risk",2005-12-31T00:00:00Z,2001-12-31T00:00:00Z,1990-01-01T00:00:00Z,1_clear,VW,agnostic,"",1,,TRUE,Cremers Nair,8093
Activism2,JF,Cremers and Nair,2005,agnostic,Active shareholders,83,14,5.6,0.178571428571429,0.0503677717633077,"However, any
further differentiation among these interpretations hinges on the development
of a theory that would explain why (and if) governance should be associated
with any priced risk",2005-12-31T00:00:00Z,2001-12-31T00:00:00Z,1990-01-01T00:00:00Z,2_likely,VW,agnostic,"",1,,TRUE,Cremers Nair,8093
AdExp,JF,"Chan, Lakonishok and Sougiannis",2001,mispricing,Advertising Expense,27,8,3.11111111111111,0.321428571428572,0.0815687165996999,"However, the market is apparently too pessimistic about beaten-down R&D-intensive technology stocks' prospects. Companies with high R&D to equity market value (which tend to have poor past returns) earn large excess returns.",2001-12-31T00:00:00Z,1996-12-31T00:00:00Z,1975-01-01T00:00:00Z,2_likely,EW,mispricing,"",1,,FALSE,Chan Lakonishok Sougiannis,5605
AgeIPO,JF,Ritter,1991,mispricing,IPO and age,50,8,5.66666666666667,0.176470588235294,0.0477101293583784,"The patterns are consistent with an
IPO market in which (1) investors are periodically overoptimistic about the earnings potential of young growth companies, and (2) firms take advantage of these
""""windows of opportunity.""""",1991-12-31T00:00:00Z,1984-12-31T00:00:00Z,1981-01-01T00:00:00Z,2_likely,EW,mispricing,"",1,,FALSE,Ritter,5632
AnalystRevision,FAJ,"Hawkins, Chamberlin, Daniel",1984,mispricing,EPS forecast revision,1,5,0.333333333333333,3,0.00536746363285522,"the evidence
strongly suggests that revisions in consensus
earnings estimates can be used to predict subsequent stock price performance, and that the
market is not efficient in processing such information",1984-12-31T00:00:00Z,1980-12-31T00:00:00Z,1975-01-01T00:00:00Z,1_clear,EW,mispricing,"",1,,FALSE,Hawkins Chamberlin Daniel,2839
AnalystValue,JAE,Frankel and Lee,1998,agnostic,Analyst Value,36,15,2.3125,0.432432432432432,0.0464882842993598,"we acknowledge that high V_f/P firms may still be riskier than low V_f /P firms in some other, as yet unidentified, dimension. We leave this question to future research.",1998-12-31T00:00:00Z,1993-12-31T00:00:00Z,1975-01-01T00:00:00Z,2_likely,EW,agnostic,"",1,,FALSE,Frankel Lee,7363
AnnouncementReturn,JF,"Chan, Jegadeesh and Lakonishok",1996,mispricing,Earnings announcement return,97,15,6.125,0.163265306122449,0.115868270308846,"The results suggest a market that responds only gradually to new
information.",1996-12-31T00:00:00Z,1992-12-31T00:00:00Z,1977-01-01T00:00:00Z,1_clear,EW,mispricing,"",1,,FALSE,Chan Jegadeesh Lakonishok,7907
AssetGrowth,JF,"Cooper, Gulen and Schill",2008,mispricing,Asset growth,45,23,1.91666666666667,0.521739130434782,0.0814864165251844,"Overall, our findings are most consistent with the interpretation that investors over extrapolate past gains to growth.",2008-12-31T00:00:00Z,2003-12-31T00:00:00Z,1968-01-01T00:00:00Z,1_clear,EW,mispricing,"",1,,TRUE,Cooper Gulen Schill,9201
BM,JF,"Rosenberg, Reid, and Lanstein",1985,mispricing,Book to market using most recent ME,36,4,7.4,0.135135135135135,0.0347939738252952,"Based on monthly returns since the completion of the prior study, both strategies have shown persuasive evidence of market inefficiency",1985-12-31T00:00:00Z,1984-12-31T00:00:00Z,1973-01-01T00:00:00Z,1_clear,EW,mispricing,"",1,,FALSE,Rosenberg Reid Lanstein,3237
BMdec,JPM,Fama and French,1992,agnostic,Book to market using December ME,18,40,0.463414634146342,2.1578947368421,-0.00717254845174924,"Our main result is that two easily measured variables, size and book-to-market equity, seem to describe the cross-section of average stock returns.
Prescriptions for using this evidence depend on (a) whether it will persist, and (b) whether it results from rational or irrational asset-pricing.",1992-12-31T00:00:00Z,1990-12-31T00:00:00Z,1963-01-01T00:00:00Z,1_clear,EW,agnostic,"",1,,FALSE,Fama French,6574
BPEBM,JAR,"Penman, Richardson and Tuna",2007,agnostic,Leverage component of BM,26,102,0.262135922330097,3.81481481481482,0.00209580953851178,"This observation accords with the
view that the enterprise book-to-price ratio is a firm characteristic that loads
on a risk factor, but is also consistent with the mispricing of book values.
In the absence of a well-specified asset pricing model, the issue cannot be
sorted out.",2007-12-31T00:00:00Z,2001-12-31T00:00:00Z,1963-01-01T00:00:00Z,1_clear,EW,agnostic,"",1,,TRUE,Penman Richardson Tuna,8492
Beta,JPE,Fama and MacBeth,1973,risk,CAPM beta,7,55,0.142857142857143,6.99999999999999,-0.0362556072090843,"the pricing of common stocks reflects the attempts of risk-averse investors to hold portfolios that are """"efficient"""" in terms of expected value and dispersion of return.",1973-12-31T00:00:00Z,1968-12-31T00:00:00Z,1929-01-01T00:00:00Z,2_likely,EW,risk,"",1,,FALSE,Fama MacBeth,5201
BetaLiquidityPS,JPE,Pastor and Stambaugh,2003,risk,Pastor-Stambaugh liquidity beta,438,108,4.02752293577982,0.248291571753986,-0.0175611363975023,a liquidity risk measure accounts for half of the profits to a momentum strategy over the same 34-year period,2003-12-31T00:00:00Z,1999-12-31T00:00:00Z,1968-01-01T00:00:00Z,1_clear,VW,risk,"",1,,FALSE,Pastor Stambaugh,8992
BetaTailRisk,RFS,Kelly and Jiang,2014,risk,Tail risk beta,23,310,0.0771704180064309,12.9583333333333,-0.111312551657009,"Because investors are tail risk averse, increases in tail risk raise the return
required by investors to hold the market, thereby inducing a positive predictive relationship
between tail risk and future returns.",2014-12-31T00:00:00Z,2010-12-31T00:00:00Z,1963-01-01T00:00:00Z,1_clear,EW,risk,"",1,,TRUE,Kelly Jiang,7631
BidAskSpread,JFE,Amihud and Mendelsohn,1986,mispricing,Bid-ask spread,55,41,1.33333333333333,0.750000000000002,-0.0161780934269142,[liquidity effect that should decrease over time],1986-12-31T00:00:00Z,1980-12-31T00:00:00Z,1961-01-01T00:00:00Z,2_likely,EW,mispricing,"the
spread effect is by no means an anomaly
or an indication
of market in-
efficiency; rather, it represents a rational response by an efficient market to the
existence of the spread.",1,,FALSE,Amihud Mendelsohn,5134
BookLeverage,JF,Fama and French,1992,agnostic,Book leverage (annual),18,40,0.463414634146342,2.1578947368421,-0.00717254845174924,"Our main result is that two easily measured variables, size and book-to-market equity, seem to describe the cross-section of average stock returns.
Prescriptions for using this evidence depend on (a) whether it will persist, and (b) whether it results from rational or irrational asset-pricing.",1992-12-31T00:00:00Z,1990-12-31T00:00:00Z,1963-01-01T00:00:00Z,1_clear,EW,agnostic,"",1,,FALSE,Fama French,6574
BrandInvest,RED,"Belo, Lin and Vitorino",2014,risk,Brand capital investment,25,104,0.247619047619048,4.03846153846153,-0.032721060010359,"Through its effect on cash flows, the brand capital stock is likely to affect the risk properties of
the firm, and hence its cost of capital and market value.",2014-12-31T00:00:00Z,2010-12-31T00:00:00Z,1975-01-01T00:00:00Z,2_likely,EW,risk,"",1,,TRUE,Belo Lin Vitorino,8073
CBOperProf,JFE,Ball et al.,2016,agnostic,Cash-based operating profitability,44,9,4.5,0.222222222222222,0.0611777882455351,"This could indicate an initial market under-reaction to cash
flow information that is gradually corrected over a decade.
Alternatively, this result could indicate that cash-based
profitability and expected returns share common economic
determinants (such as risk) that are relatively stationary
over time ( Ball, 1978 ).",2016-12-31T00:00:00Z,2014-12-31T00:00:00Z,1963-01-01T00:00:00Z,1_clear,VW,agnostic,"",1,,TRUE,Ball,6473
CF,JF,"Lakonishok, Shleifer, Vishny",1994,mispricing,Cash flow to market,58,65,0.893939393939394,1.11864406779661,0.0898296945760391,This article provides evidence that value strategies yield higher returns because these strategies exploit the suboptimal behavior of the typical investor and not because these strategies are fundamentally riskier.,1994-12-31T00:00:00Z,1990-12-31T00:00:00Z,1968-01-01T00:00:00Z,1_clear,EW,mispricing,"",1,,FALSE,Lakonishok Shleifer Vishny,8105
Cash,JFE,Palazzo,2012,risk,Cash to assets,12,84,0.152941176470588,6.53846153846155,-0.105441186926263,"Given that a larger increase in riskiness also causes a larger increase in cash holdings, a stronger marginal effect of expected equity returns should be observed",2012-12-31T00:00:00Z,2009-12-31T00:00:00Z,1972-01-01T00:00:00Z,1_clear,EW,risk,"",1,,TRUE,Palazzo,8118
CashProd,WP,Chandrashekar and Rao,2009,agnostic,Cash Productivity,71,42,1.67441860465116,0.597222222222223,-0.00559980869011391,"The literature continues to debate whether the return premia associated with size, book-to-market and momentum are driven by risk or by mispricing. In either case, this paper aims to test for an effect over and above these known determinants.",2009-12-31T00:00:00Z,2003-12-31T00:00:00Z,1963-01-01T00:00:00Z,1_clear,EW,agnostic,"Published as Rao, Tang, and Chandrashekar 2013 Journal of Investing.",1,,TRUE,Chandrashekar Rao,5765
ChAssetTurnover,AR,Soliman,2008,mispricing,Change in Asset Turnover,36,13,2.64285714285714,0.378378378378379,0.0946965090885311,"In the spirit of Abarbanell and Bernard
(1992), it points to the possibility that investors may be misled partially because analysts
do not impound the differential time-series properties of these two components.",2008-12-31T00:00:00Z,2002-12-31T00:00:00Z,1984-01-01T00:00:00Z,1_clear,EW,mispricing,"",1,,TRUE,Soliman,7994
ChEQ,JFR,Lockwood and Prombutr,2010,risk,Growth in book equity,15,36,0.432432432432432,2.3125,-0.0128780652686019,Additional tests indicate that the sustainable growth effect is attributable to risk and not to mispricing,2010-12-31T00:00:00Z,2007-12-31T00:00:00Z,1964-01-01T00:00:00Z,1_clear,EW,risk,"",1,,TRUE,Lockwood Prombutr,3998
ChForecastAccrual,RAS,Barth and Hutton,2004,mispricing,Change in Forecast and Accrual,53,5,9,0.111111111111111,0.1380419056628,"Our findings indicate that although forecast revisions reflect information about accrual and earnings persistence beyond that reflected in the level of current year accruals, investors do not fully incorporate this information into their valuation assessments.",2004-12-31T00:00:00Z,1996-12-31T00:00:00Z,1981-01-01T00:00:00Z,1_clear,EW,mispricing,"",1,,TRUE,Barth Hutton,7437
ChInv,RAS,Thomas and Zhang,2002,mispricing,Inventory Growth,90,2,30.3333333333333,0.032967032967033,0.12592445119015,"We speculate that demand shifts explain our results, and examine the feasibility of alternative reasons for the stock market’s apparent inability to recognize the impending profitability reversals",2002-12-31T00:00:00Z,1997-12-31T00:00:00Z,1970-01-01T00:00:00Z,1_clear,EW,mispricing,"",1,,FALSE,Thomas Zhang,6115
ChInvIA,AR,Abarbanell and Bushee,1998,mispricing,Change in capital inv (ind adj),160,11,13.4166666666667,0.0745341614906831,0.0988787966030981,"These results suggest that """"unaccounted
for risk"""" is not a complete explanation for the success of the strategy.",1998-12-31T00:00:00Z,1988-12-31T00:00:00Z,1974-01-01T00:00:00Z,1_clear,EW,mispricing,"",1,,FALSE,Abarbanell Bushee,6454
ChNAnalyst,ROF,Scherbina,2008,mispricing,Decline in Analyst Coverage,150,18,7.94736842105263,0.125827814569536,0.0853862686905407,I present evidence of inefficient information processing in equity markets by documenting that negative information withheld by securities analysts is incorporated in stock prices with a significant delay.,2008-12-31T00:00:00Z,2005-12-31T00:00:00Z,1982-01-01T00:00:00Z,1_clear,VW,mispricing,"",1,,TRUE,Scherbina,5923
ChNNCOA,AR,Soliman,2008,mispricing,Change in Net Noncurrent Op Assets,36,13,2.64285714285714,0.378378378378379,0.0946965090885311,"In the spirit of Abarbanell and Bernard
(1992), it points to the possibility that investors may be misled partially because analysts
do not impound the differential time-series properties of these two components.",2008-12-31T00:00:00Z,2002-12-31T00:00:00Z,1984-01-01T00:00:00Z,1_clear,EW,mispricing,"",1,,TRUE,Soliman,7994
ChNWC,AR,Soliman,2008,mispricing,Change in Net Working Capital,36,13,2.64285714285714,0.378378378378379,0.0946965090885311,"In the spirit of Abarbanell and Bernard
(1992), it points to the possibility that investors may be misled partially because analysts
do not impound the differential time-series properties of these two components.",2008-12-31T00:00:00Z,2002-12-31T00:00:00Z,1984-01-01T00:00:00Z,1_clear,EW,mispricing,"",1,,TRUE,Soliman,7994
ChTax,JAR,Thomas and Zhang,2011,mispricing,Change in Taxes,103,19,5.2,0.192307692307692,0.108895358906527,We investigate the joint hypothesis that (1) tax expense contains information about core profitability that is incremental to reported earnings and (2) that information is reflected in stock prices with a delay,2011-12-31T00:00:00Z,2006-12-31T00:00:00Z,1977-01-01T00:00:00Z,1_clear,EW,mispricing,"",1,,TRUE,Thomas Zhang,6909
ChangeInRecommendation,JF,Jegadeesh et al.,2004,mispricing,Change in recommendation,21,3,5.5,0.181818181818182,0.0792807442573681,"In contrast, we find that the quarterly change in consensus recommendations is a robust return predictor that appears to contain information orthogonal to a large range of other predictive variables

Naive adherence to these recommendations can be costly, because the level of the consensus recommendation adds value only among stocks with favorable quantitative characteristics",2004-12-31T00:00:00Z,1998-12-31T00:00:00Z,1985-01-01T00:00:00Z,1_clear,EW,mispricing,"",1,,TRUE,Jegadeesh,8192
CitationsRD,JFE,"Hirschleifer, Hsu and Li",2013,mispricing,Citations to RD expenses,128,42,3,0.333333333333333,0.130740942065808,"The IE-return relation is associated with the loading on a mispricing factor, and the high Sharpe ratio of the Efficient Minus Inefficient (EMI) portfolio suggests that mispricing plays an important role.",2013-12-31T00:00:00Z,2008-12-31T00:00:00Z,1982-01-01T00:00:00Z,1_clear,VW,mispricing,"",1,,TRUE,Hirschleifer Hsu Li,9662
CompEquIss,JF,Daniel and Titman,2006,agnostic,Composite equity issuance,53,31,1.6875,0.592592592592593,0.0491288730244219,Our finding… …is potentially consistent with standard risk-based models… …Behavioral theories may offer another avenue for explaining these results.,2006-12-31T00:00:00Z,2003-12-31T00:00:00Z,1968-01-01T00:00:00Z,1_clear,EW,agnostic,"",1,,TRUE,Daniel Titman,8146
CompositeDebtIssuance,RFS,"Lyandres, Sun and Zhang",2008,risk,Composite debt issuance,117,56,2.07017543859649,0.483050847457627,0.00100611294049257,"Our evidence lends support to the investment-based explanation of the new
issues puzzle(e.g.,Zhang,2005a;and Carlson,Fisher,and Giammarino,2006).",2008-12-31T00:00:00Z,2005-12-31T00:00:00Z,1970-01-01T00:00:00Z,1_clear,EW,risk,"",1,,TRUE,Lyandres Sun Zhang,7531
ConsRecomm,JF,Barber et al.,2002,mispricing,Consensus Recommendation,138,14,9.26666666666667,0.107913669064748,0.0460489395916198,"We believe it is most likely that our results are evidence of a market that
is semistrong inefficient (before transactions costs).",2002-12-31T00:00:00Z,1997-12-31T00:00:00Z,1985-01-01T00:00:00Z,2_likely,VW,mispricing,"",1,,FALSE,Barber,6589
ConvDebt,JFQA,Valta,2016,risk,Convertible debt indicator,46,44,1.04444444444444,0.957446808510642,-0.0723240976631787,"This paper analyzes whether renegotiation frictions and the firm’s debt structure affect expected stock returns. In the model, shareholders can act strategically
to induce default and recover a substantial fraction of firm value in renegotiation.",2016-12-31T00:00:00Z,2012-12-31T00:00:00Z,1985-01-01T00:00:00Z,1_clear,EW,risk,"",1,,TRUE,Valta,7503
CoskewACX,RFS,"Ang, Chen and Xing",2006,risk,Coskewness using daily returns,42,344,0.12463768115942,8.02325581395351,-0.0902649124515754,"Agents who are averse to downside losses demand greater compensation, in the form of higher expected returns, for holding stocks with high downside risk.",2006-12-31T00:00:00Z,2001-12-31T00:00:00Z,1963-01-01T00:00:00Z,1_clear,EW,risk,"",1,,TRUE,Ang Chen Xing,11222
Coskewness,JF,Harvey and Siddique,2000,risk,Coskewness,14,103,0.144230769230769,6.93333333333334,-0.120916911110999,Our results show that conditional skewness helps explain the cross-sectional variation of expected returns across assets and is significant even when factors based on size and book-to-market are included,2000-12-31T00:00:00Z,1993-12-31T00:00:00Z,1964-01-01T00:00:00Z,2_likely,VW,risk,"",1,,FALSE,Harvey Siddique,6382
CredRatDG,JF,Dichev and Piotroski,2001,mispricing,Credit Rating Downgrade,161,22,7.04347826086957,0.141975308641975,0.0921721613379356,"More importantly, we find some evidence of significant differences in returns at subsequent earnings announcements of stocks with upgrades and downgrades, which suggests that the market does not fully anticipate the predictable future changes in earnings",2001-12-31T00:00:00Z,1998-12-31T00:00:00Z,1986-01-01T00:00:00Z,1_clear,EW,mispricing,"",1,,FALSE,Dichev Piotroski,7598
CustomerMomentum,JF,Cohen and Frazzini,2008,mispricing,Customer momentum,120,7,15.125,0.0661157024793388,0.0452309062671856,"We test the hypothesis that in the presence of investors subject to attention constraints, stock prices do not promptly incorporate news about economically related firms, generating return predictability across assets.",2008-12-31T00:00:00Z,2004-12-31T00:00:00Z,1980-01-01T00:00:00Z,1_clear,VW,mispricing,"",1,,TRUE,Cohen Frazzini,7686
DebtIssuance,JFE,Spiess and Affleck-Graves,1999,mispricing,Debt Issuance,206,6,29.5714285714286,0.0338164251207729,0.100386892816166,"the market appears to underreact at the time of the debt
offering announcement",1999-12-31T00:00:00Z,1989-12-31T00:00:00Z,1975-01-01T00:00:00Z,2_likely,EW,mispricing,"",1,,FALSE,Spiess Affleck-Graves,5990
DelBreadth,JFE,"Chen, Hong and Stein",2002,mispricing,Breadth of ownership,34,34,1,1,0.0664327446739052,"the evidence is
broadly consistent with the idea that short-sales constraints matter for equilibrium
stock prices and expected returns",2002-12-31T00:00:00Z,1998-12-31T00:00:00Z,1979-01-01T00:00:00Z,1_clear,EW,mispricing,model with differences of opinion and short-sales constraints,1,,FALSE,Chen Hong Stein,6772
DelCOA,JAE,Richardson et al.,2005,mispricing,Change in current operating assets,37,6,5.42857142857143,0.184210526315789,0.0978921296051552,"Empirical tests generally confirm that less reliable accruals lead to lower earnings persistence and that investors do not fully anticipate the lower earnings persistence, leading to significant security mispricing",2005-12-31T00:00:00Z,2001-12-31T00:00:00Z,1962-01-01T00:00:00Z,1_clear,EW,mispricing,"",1,,TRUE,Richardson,10502
DelCOL,JAE,Richardson et al.,2005,mispricing,Change in current operating liabilities,37,6,5.42857142857143,0.184210526315789,0.0978921296051552,"Empirical tests generally confirm that less reliable accruals lead to lower earnings persistence and that investors do not fully anticipate the lower earnings persistence, leading to significant security mispricing.",2005-12-31T00:00:00Z,2001-12-31T00:00:00Z,1962-01-01T00:00:00Z,1_clear,EW,mispricing,"",1,,TRUE,Richardson,10502
DelDRC,CAR,Prakash and Sinha,2012,mispricing,Deferred Revenue,56,7,7.125,0.140350877192982,0.134236442433164,"The analysis shows that such changes are associated with mis-priced securities and
significant errors in analyst forecasts.",2012-12-31T00:00:00Z,2007-12-31T00:00:00Z,2002-01-01T00:00:00Z,2_likely,EW,mispricing,"",1,,TRUE,Prakash Sinha,8393
DelEqu,JAE,Richardson et al.,2005,mispricing,Change in equity to assets,37,6,5.42857142857143,0.184210526315789,0.0978921296051552,"Empirical tests generally confirm that less reliable accruals lead to lower earnings persistence and that investors do not fully anticipate the lower earnings persistence, leading to significant security mispricing.",2005-12-31T00:00:00Z,2001-12-31T00:00:00Z,1963-01-01T00:00:00Z,1_clear,EW,mispricing,"",1,,TRUE,Richardson,10502
DelFINL,JAE,Richardson et al.,2005,mispricing,Change in financial liabilities,37,6,5.42857142857143,0.184210526315789,0.0978921296051552,"Empirical tests generally confirm that less reliable accruals lead to lower earnings persistence and that investors do not fully anticipate the lower earnings persistence, leading to significant security mispricing.",2005-12-31T00:00:00Z,2001-12-31T00:00:00Z,1962-01-01T00:00:00Z,1_clear,EW,mispricing,"",1,,TRUE,Richardson,10502
DelLTI,JAE,Richardson et al.,2005,mispricing,Change in long-term investment,37,6,5.42857142857143,0.184210526315789,0.0978921296051552,"Empirical tests generally confirm that less reliable accruals lead to lower earnings
persistence and that investors do not fully anticipate the lower earnings persistence, leading to significant security mispricing",2005-12-31T00:00:00Z,2001-12-31T00:00:00Z,1962-01-01T00:00:00Z,1_clear,EW,mispricing,"",1,,TRUE,Richardson,10502
DelNetFin,JAE,Richardson et al.,2005,mispricing,Change in net financial assets,37,6,5.42857142857143,0.184210526315789,0.0978921296051552,"Empirical tests generally confirm that less reliable accruals lead to lower earnings persistence and that investors do not fully anticipate the lower earnings persistence, leading to significant security mispricing.",2005-12-31T00:00:00Z,2001-12-31T00:00:00Z,1962-01-01T00:00:00Z,1_clear,EW,mispricing,"",1,,TRUE,Richardson,10502
DivInit,JF,"Michaely, Thaler and Womack",1995,mispricing,Dividend Initiation,52,12,4.07692307692308,0.245283018867924,0.0710061285608885,"We hope future research will
help us understand why the market appears to overreact in some circumstances and to underreact in others.",1995-12-31T00:00:00Z,1988-12-31T00:00:00Z,1964-01-01T00:00:00Z,1_clear,EW,mispricing,"",1,,FALSE,Michaely Thaler Womack,6626
DivOmit,JF,"Michaely, Thaler and Womack",1995,mispricing,Dividend Omission,52,12,4.07692307692308,0.245283018867924,0.0710061285608885,"We hope future research will
help us understand why the market appears to overreact in some circumstances and to underreact in others.",1995-12-31T00:00:00Z,1988-12-31T00:00:00Z,1964-01-01T00:00:00Z,1_clear,EW,mispricing,"",1,,FALSE,Michaely Thaler Womack,6626
DivSeason,JFE,Hartzmark and Salomon,2013,mispricing,Dividend seasonality,170,75,2.25,0.444444444444444,0.0685377127886618,"Consistent with the above intuition, we find evidence of mispricing of stocks whereby companies have significantly higher returns in months when they are expected to issue a dividend",2013-12-31T00:00:00Z,2011-12-31T00:00:00Z,1927-01-01T00:00:00Z,1_clear,EW,mispricing,"",1,,TRUE,Hartzmark Salomon,9100
DivYieldST,JF,Litzenberger and Ramaswamy,1979,risk,Predicted div yield next month,18,63,0.296875,3.36842105263158,-0.089215904310835,The equilibrium relationship indicates that before-tax expected rates of return are linearly related to systematic risk and to dividend yield.,1979-12-31T00:00:00Z,1977-12-31T00:00:00Z,1936-01-01T00:00:00Z,1_clear,"",risk,"",1,,FALSE,Litzenberger Ramaswamy,5247
DolVol,JFE,"Brennan, Chordia, Subra",1998,mispricing,Past trading volume,43,29,1.46666666666667,0.68181818181818,0.000844065876181751,"“Regardless of the method used to risk-adjust returns, we find a strong negative relation between average returns and trading volume, which is consistent with a liquidity premium in asset prices.”",1998-12-31T00:00:00Z,1995-12-31T00:00:00Z,1966-01-01T00:00:00Z,1_clear,EW,mispricing,consistent with a liquidity premium in asset prices.  But liquidity should improve as time goes on.,1,,FALSE,Brennan Chordia Subra,5598
DownRecomm,JF,Barber et al.,2002,mispricing,Down forecast EPS,138,14,9.26666666666667,0.107913669064748,0.0460489395916198,"We believe it is most likely that our results are evidence of a market that
is semistrong inefficient (before transactions costs).",2002-12-31T00:00:00Z,1997-12-31T00:00:00Z,1985-01-01T00:00:00Z,2_likely,EW,mispricing,"",1,,FALSE,Barber,6589
EBM,JAR,"Penman, Richardson and Tuna",2007,agnostic,Enterprise component of BM,26,102,0.262135922330097,3.81481481481482,0.00209580953851178,"This observation accords with the
view that the enterprise book-to-price ratio is a firm characteristic that loads
on a risk factor, but is also consistent with the mispricing of book values.
In the absence of a well-specified asset pricing model, the issue cannot be
sorted out.",2007-12-31T00:00:00Z,2001-12-31T00:00:00Z,1963-01-01T00:00:00Z,1_clear,EW,agnostic,"",1,,TRUE,Penman Richardson Tuna,8492
EP,JF,Basu,1977,mispricing,Earnings-to-Price Ratio,17,34,0.514285714285714,1.94444444444445,-0.00427031770746353,"Contrary to the growing belief that publicly available information is instantaneously impounded in security prices, there seem to be lags and frictions in the adjustment process",1977-12-31T00:00:00Z,1971-12-31T00:00:00Z,1957-01-01T00:00:00Z,1_clear,EW,mispricing,"",1,,FALSE,Basu,3957
EarnSupBig,RFS,Hou,2007,mispricing,Earnings surprise of big firms,60,4,12.2,0.0819672131147541,0.038987353943484,"I primarily focus on a third group of explanations,
which argues that the lead-lag effect arises because certain firms react
more sluggishly to common information than do others",2007-12-31T00:00:00Z,2001-12-31T00:00:00Z,1972-01-01T00:00:00Z,1_clear,EW,mispricing,"",1,,TRUE,Hou,5732
EarningsConsistency,BAR,Alwathainani,2009,mispricing,Earnings consistency,15,1,8,0.125,0.0700078496301578,"Firms consistently ranking in the top 30 percent of growth rates earn slightly lower returns than inconsistent high-growth firms. These findings indicate that investors overreact to consistency in financial metrics, but this overreaction is more pronounced and persistent for consistent low-growth firms than that for consistent high-performing firms.",2009-12-31T00:00:00Z,2002-12-31T00:00:00Z,1971-01-01T00:00:00Z,1_clear,EW,mispricing,"",1,,TRUE,Alwathainani,855
EarningsForecastDisparity,JFE,Da and Warachka,2011,mispricing,Long-vs-short EPS forecasts,70,16,4.17647058823529,0.23943661971831,0.0995243651341769,"We provide direct evidence that investor inattention is
responsible for the return predictability associated with
the disparity between LTG and ISTG.",2011-12-31T00:00:00Z,2006-12-31T00:00:00Z,1983-01-01T00:00:00Z,1_clear,EW,mispricing,"",1,,TRUE,Da Warachka,7780
EarningsStreak,MS,Loh and Warachka,2012,mispricing,Earnings surprise streak,83,9,8.4,0.119047619047619,0.104511780961284,"Overall,
post-earnings-announcement drift has a significant time-series component that is consistent with the gambler’s
fallacy.",2012-12-31T00:00:00Z,2009-12-31T00:00:00Z,1987-01-01T00:00:00Z,1_clear,EW,mispricing,"",1,,TRUE,Loh Warachka,6297
EarningsSurprise,AR,"Foster, Olsen and Shevlin",1984,agnostic,Earnings Surprise,73,8,8.22222222222222,0.121621621621622,0.0509330557182643,"The set of explanations … …can be classified into (a) capital market inefficiency explanations, and (b) noncapital market inefficiency explanations",1984-12-31T00:00:00Z,1981-12-31T00:00:00Z,1974-01-01T00:00:00Z,1_clear,EW,agnostic,"",1,,FALSE,Foster Olsen Shevlin,4874
EntMult,JFQA,Loughran and Wellman,2011,mispricing,Enterprise Multiple,16,22,0.739130434782609,1.35294117647059,0.0754497966639673,"We interpret EM as a proxy for
the unlevered investment return (i.e., the WACC), which is in turn positively re-
lated to the firm’s cost of equity.",2011-12-31T00:00:00Z,2009-12-31T00:00:00Z,1963-01-01T00:00:00Z,1_clear,EW,mispricing,"",1,,TRUE,Loughran Wellman,5458
EquityDuration,RAS,"Dechow, Sloan and Soliman",2004,risk,Equity Duration,19,30,0.645161290322581,1.55,0.0128246248752651,"Our research shows how structured financial statement analysis can be used to construct superior
measures of equity security risk.",2004-12-31T00:00:00Z,1998-12-31T00:00:00Z,1962-01-01T00:00:00Z,1_clear,VW,risk,"",1,,TRUE,Dechow Sloan Soliman,6971
ExchSwitch,JF,Dharan and Ikenberry,1995,agnostic,Exchange Switch,70,3,17.75,0.0563380281690141,0.112132262793015,"Researchers continue to examine why it is that excess long-run performance persists over time. While efforts progress along these liens, the evidence here is consistent with the notion that managers time their application for listing on an organized stock exchange.",1995-12-31T00:00:00Z,1990-12-31T00:00:00Z,1962-01-01T00:00:00Z,1_clear,EW,agnostic,"",1,,FALSE,Dharan Ikenberry,5905
ExclExp,RAS,"Doyle, Lundholm and Soliman",2003,mispricing,Excluded Expenses,0,0,1,1,0.0265828763232252,We also find that investors do not fully appreciate the lower cash flow implications at the time of the earnings announcement,2003-12-31T00:00:00Z,1999-12-31T00:00:00Z,1988-01-01T00:00:00Z,1_clear,EW,mispricing,"",1,,FALSE,Doyle Lundholm Soliman,260
FEPS,WP,"Cen, Wei, and Zhang",2006,mispricing,Analyst earnings per share,114,37,3.02631578947368,0.330434782608696,0.0734161128826656,"This FEPS effect is the strongest for stocks of small firms, those with low prices, those with little analyst coverage, and those that were past losers

We also find that trading strategies based on FEPS are not fundamentally riskier.",2006-12-31T00:00:00Z,2002-12-31T00:00:00Z,1983-01-01T00:00:00Z,1_clear,EW,mispricing,"Published as Cen, Hilary, and Wei 2013 JFQA.  Published version is somewhat different by adjusting for industry medians and the argument is somewhat different, though still behavioral.  Seems like a nice example of data mining and then explanation years later.",1,,TRUE,Cen Wei Zhang,7121
FR,JF,Franzoni and Marin,2006,mispricing,Pension Funding Status,54,24,2.2,0.454545454545455,0.083988480123861,The paper argues that the market significantly overvalues firms with severely underfunded pensions,2006-12-31T00:00:00Z,2002-12-31T00:00:00Z,1980-01-01T00:00:00Z,2_likely,EW,mispricing,"",1,,TRUE,Franzoni Marin,7904
FirmAgeMom,JF,Zhang,2004,mispricing,Firm Age - Momentum,77,21,3.54545454545455,0.282051282051282,0.0496687465576361,"My main hypothesis is that if investors underreact to public information, they will underreact even more in cases of greater information uncertainty",2004-12-31T00:00:00Z,2001-12-31T00:00:00Z,1983-01-01T00:00:00Z,1_clear,EW,mispricing,"",1,,TRUE,Zhang,7140
ForecastDispersion,JF,"Diether, Malloy and Scherbina",2002,mispricing,EPS Forecast Dispersion,64,41,1.54761904761905,0.646153846153845,0.0595968496571641,"We provide evidence that stocks with higher dispersion in analysts' earnings forecasts earn lower future returns than otherwise similar stocks. ... Interpreting dispersion in analysts' forecasts as a proxy for differences in opinion about a stock, we show that this evidence is consistent with the hypothesis that prices will reflect the optimistic view whenever investors with the lowest valuations do not trade",2002-12-31T00:00:00Z,2000-12-31T00:00:00Z,1976-01-01T00:00:00Z,1_clear,EW,mispricing,"",1,,FALSE,Diether Malloy Scherbina,6640
Frontier,JFQA,Nguyen and Swanson,2009,risk,Efficient frontier index,52,26,1.96296296296296,0.509433962264152,-0.0158502464192189,"This paper does not address what causes inefficiencies, but instead examines the linkage between the firm efficiency level and subsequent stock performance",2009-12-31T00:00:00Z,2003-12-31T00:00:00Z,1980-01-01T00:00:00Z,1_clear,EW,risk,Recategorized Nov 13,1,,TRUE,Nguyen Swanson,5288
GP,JFE,Novy-Marx,2013,agnostic,gross profits / total assets,77,27,2.78571428571429,0.358974358974358,0.0694934670184132,"These results are difficult to reconcile with popular explanations of the value premium, as profitable firms are less prone to distress, have longer cash flow durations, and have lower levels of operating leverage.",2013-12-31T00:00:00Z,2010-12-31T00:00:00Z,1963-01-01T00:00:00Z,1_clear,VW,agnostic,"",1,,TRUE,Novy-Marx,10351
Governance,QJE,"Gompers, Ishii and Metrick",2003,agnostic,Governance Index,68,20,3.28571428571429,0.304347826086956,0.0828687409321096,"We consider several explanations for the results, but the data do not allow strong conclusions about causality",2003-12-31T00:00:00Z,1999-12-31T00:00:00Z,1990-01-01T00:00:00Z,1_clear,VW,agnostic,"",1,,FALSE,Gompers Ishii Metrick,9879
GrAdExp,RFS,Lou,2014,mispricing,Growth in advertising expenses,85,33,2.52941176470588,0.395348837209303,0.114975399517109,"This paper provides evidence that managers adjust firm advertising, in part, to attract investor
attention and influence short-term stock returns",2014-12-31T00:00:00Z,2010-12-31T00:00:00Z,1974-01-01T00:00:00Z,1_clear,EW,mispricing,"",1,,TRUE,Lou,8085
GrLTNOA,AR,"Fairfield, Whisenant and Yohn",2003,mispricing,Growth in long term operating assets,41,27,1.5,0.666666666666667,0.0737260935618163,"Thus, the results suggest that the accrual anomaly documented in Sloan (1996) is a subset of a larger anomaly with respect to a general market mispricing of growth in net operating assets",2003-12-31T00:00:00Z,1993-12-31T00:00:00Z,1964-01-01T00:00:00Z,2_likely,EW,mispricing,"",1,,FALSE,Fairfield Whisenant Yohn,4933
GrSaleToGrInv,AR,Abarbanell and Bushee,1998,mispricing,Sales growth over inventory growth,160,11,13.4166666666667,0.0745341614906831,0.0988787966030981,"These results suggest that """"unaccounted
for risk"""" is not a complete explanation for the success of the strategy.",1998-12-31T00:00:00Z,1988-12-31T00:00:00Z,1974-01-01T00:00:00Z,2_likely,EW,mispricing,"",1,,FALSE,Abarbanell Bushee,6454
Herf,JF,Hou and Robinson,2006,risk,Industry concentration (sales),16,121,0.139344262295082,7.17647058823529,0.00174808066017433,"Our findings are consistent with the view that innovation/distress
risk, which is more pronounced in competitive industries, is a priced source of
risk in the context of the multifactor asset pricing models of Merton (1973) and
Ross (1976).",2006-12-31T00:00:00Z,2001-12-31T00:00:00Z,1963-01-01T00:00:00Z,1_clear,EW,risk,"",1,,TRUE,Hou Robinson,6683
HerfAsset,JF,Hou and Robinson,2006,risk,Industry concentration (assets),16,121,0.139344262295082,7.17647058823529,0.00174808066017433,"Our findings are consistent with the view that innovation/distress
risk, which is more pronounced in competitive industries, is a priced source of
risk in the context of the multifactor asset pricing models of Merton (1973) and
Ross (1976).",2006-12-31T00:00:00Z,2001-12-31T00:00:00Z,1963-01-01T00:00:00Z,2_likely,EW,risk,"",1,,TRUE,Hou Robinson,6683
HerfBE,JF,Hou and Robinson,2006,risk,Industry concentration (equity),16,121,0.139344262295082,7.17647058823529,0.00174808066017433,"Our findings are consistent with the view that innovation/distress
risk, which is more pronounced in competitive industries, is a priced source of
risk in the context of the multifactor asset pricing models of Merton (1973) and
Ross (1976).",2006-12-31T00:00:00Z,2001-12-31T00:00:00Z,1963-01-01T00:00:00Z,1_clear,EW,risk,"",1,,TRUE,Hou Robinson,6683
High52,JF,George and Hwang,2004,mispricing,52 week high,32,8,3.66666666666667,0.272727272727273,0.0181007880544076,these findings present a serious challenge to the view that markets are semi strong-form efficient,2004-12-31T00:00:00Z,2001-12-31T00:00:00Z,1963-01-01T00:00:00Z,2_likely,EW,mispricing,"",1,,TRUE,George Hwang,5570
IO_ShortInterest,JFE,Asquith Pathak and Ritter,2005,mispricing,Inst own among high short interest,145,14,9.73333333333333,0.102739726027397,0.0698370684826901,"We also find that the underperformance of high short interest stocks is fairly brief. Thus, to realize the negative abnormal returns on these stocks, frequent portfolio rebalancing is required.",2005-12-31T00:00:00Z,2002-12-31T00:00:00Z,1980-01-01T00:00:00Z,2_likely,EW,mispricing,"",1,,TRUE,Asquith Pathak Ritter,7781
IdioRisk,JF,Ang et al.,2006,agnostic,Idiosyncratic risk,72,142,0.510489510489511,1.95890410958904,-0.122545662928407,We find that innovations in aggregate volatility carry a statistically significant negative price of risk,2006-12-31T00:00:00Z,2000-12-31T00:00:00Z,1963-01-01T00:00:00Z,1_clear,VW,agnostic,"",1,,TRUE,Ang,10168
IdioVol3F,JF,Ang et al.,2006,agnostic,Idiosyncratic risk (3 factor),72,142,0.510489510489511,1.95890410958904,-0.122545662928407,"Hence, our
results on idiosyncratic volatility represent a substantive puzzle",2006-12-31T00:00:00Z,2000-12-31T00:00:00Z,1963-01-01T00:00:00Z,1_clear,VW,agnostic,"",1,,TRUE,Ang,10168
IdioVolAHT,JFE,"Ali, Hwang, and Trombley",2003,mispricing,Idiosyncratic risk (AHT),108,47,2.27083333333333,0.440366972477065,0.147472387911392,"These findings
are consistent with the Shleifer and Vishny (1997) thesis that risk associated with the volatility of
arbitrage returns deters arbitrage activity",2003-12-31T00:00:00Z,1997-12-31T00:00:00Z,1976-01-01T00:00:00Z,1_clear,VW,mispricing,"",1,,FALSE,Ali Hwang Trombley,4352
Illiquidity,JFM,Amihud,2002,mispricing,Amihud's illiquidity,230,55,4.125,0.242424242424242,0.0516166509958682,"“These findings indicate that investors over- react to consistency in financial metrics, but this overreaction is more pronounced and persistent for consistent low-growth firms than that for consistent high-performing firms.”",2002-12-31T00:00:00Z,1997-12-31T00:00:00Z,1964-01-01T00:00:00Z,1_clear,EW,mispricing,iliquidity,1,,FALSE,Amihud,5167
IndIPO,JF,Ritter,1991,mispricing,Initial Public Offerings,50,8,5.66666666666667,0.176470588235294,0.0477101293583784,"The patterns are consistent with an
IPO market in which (1) investors are periodically overoptimistic about the earnings potential of young growth companies, and (2) firms take advantage of these
""""windows of opportunity.""""",1991-12-31T00:00:00Z,1987-12-31T00:00:00Z,1975-01-01T00:00:00Z,1_clear,EW,mispricing,"",1,,FALSE,Ritter,5632
IndMom,JFE,Grinblatt and Moskowitz,1999,agnostic,Industry Momentum,68,33,2.02941176470588,0.492753623188406,0.00957562974061341,* conclusion offers multiple explanations for excess returns in  intermediate time horizon industry momentum trading relating to behavioral and risk characteristics,1999-12-31T00:00:00Z,1995-12-31T00:00:00Z,1963-01-01T00:00:00Z,1_clear,EW,agnostic,"",1,,FALSE,Grinblatt Moskowitz,8665
IndRetBig,RFS,Hou,2007,mispricing,Industry return of big firms,60,4,12.2,0.0819672131147541,0.038987353943484,"I primarily focus on a third group of explanations,
which argues that the lead-lag effect arises because certain firms react
more sluggishly to common information than do others",2007-12-31T00:00:00Z,2001-12-31T00:00:00Z,1972-01-01T00:00:00Z,1_clear,EW,mispricing,"",1,,TRUE,Hou,5732
IntMom,JFE,Novy-Marx,2012,agnostic,Intermediate Momentum,32,8,3.66666666666667,0.272727272727273,0.0157140635098537,"None of the popular explanations,
either behavioral (e.g., Barberis, Shleifer and Vishny, 1998;
Hong and Stein, 1999; Hirshleifer and Subrahmanyam,
1999) or rational (e.g., Johnson, 2002; Sagi and Seasholes,
2007), delivers the observed term-structure of momentum
information,",2012-12-31T00:00:00Z,2010-12-31T00:00:00Z,1927-01-01T00:00:00Z,1_clear,VW,agnostic,"",1,,TRUE,Novy-Marx,9001
IntanBM,JF,Daniel and Titman,2006,agnostic,Intangible return using BM,53,31,1.6875,0.592592592592593,0.0491288730244219,Our finding… …is potentially consistent with standard risk-based models… …Behavioral theories may offer another avenue for explaining these results.,2006-12-31T00:00:00Z,2003-12-31T00:00:00Z,1968-01-01T00:00:00Z,1_clear,EW,agnostic,"",1,,TRUE,Daniel Titman,8146
IntanCFP,JF,Daniel and Titman,2006,agnostic,Intangible return using CFtoP,53,31,1.6875,0.592592592592593,0.0491288730244219,Our finding… …is potentially consistent with standard risk-based models… …Behavioral theories may offer another avenue for explaining these results.,2006-12-31T00:00:00Z,2003-12-31T00:00:00Z,1968-01-01T00:00:00Z,1_clear,EW,agnostic,"",1,,TRUE,Daniel Titman,8146
IntanEP,JF,Daniel and Titman,2006,agnostic,Intangible return using EP,53,31,1.6875,0.592592592592593,0.0491288730244219,Our finding… …is potentially consistent with standard risk-based models… …Behavioral theories may offer another avenue for explaining these results.,2006-12-31T00:00:00Z,2003-12-31T00:00:00Z,1968-01-01T00:00:00Z,1_clear,EW,agnostic,"",1,,TRUE,Daniel Titman,8146
IntanSP,JF,Daniel and Titman,2006,agnostic,Intangible return using Sale2P,53,31,1.6875,0.592592592592593,0.0491288730244219,Our finding… …is potentially consistent with standard risk-based models… …Behavioral theories may offer another avenue for explaining these results.,2006-12-31T00:00:00Z,2003-12-31T00:00:00Z,1968-01-01T00:00:00Z,1_clear,EW,agnostic,"",1,,TRUE,Daniel Titman,8146
InvGrowth,RFS,Belo and Lin,2012,risk,Inventory Growth,17,105,0.169811320754717,5.88888888888889,-0.0975304829299531,Optimal capital and inventory investment determine firms’ dividends and market value thus establishing an endogenous link between the inventory investment rate and firms’ risk,2012-12-31T00:00:00Z,2009-12-31T00:00:00Z,1965-01-01T00:00:00Z,1_clear,EW,risk,"",1,,TRUE,Belo Lin,7712
InvestPPEInv,RFS,"Lyandres, Sun and Zhang",2008,risk,change in ppe and inv/assets,117,56,2.07017543859649,0.483050847457627,0.00100611294049257,"In their real options model, Carlson et al. argue that firms have expansion
options and assets in place prior to equity issuance. This composition is levered
and risky. If real investment is financed by equity, then risk and expected returns
must decrease because investment extinguishes the risky expansion options.",2008-12-31T00:00:00Z,2005-12-31T00:00:00Z,1970-01-01T00:00:00Z,1_clear,EW,risk,"",1,,TRUE,Lyandres Sun Zhang,7531
Investment,JFQA,"Titman, Wei and Xie",2004,mispricing,Investment to revenue,72,10,6.63636363636364,0.150684931506849,0.0518343808400886,These observations are consistent with the hypothesis that investors tend to underreact to the empire building implications of increased investment expenditures,2004-12-31T00:00:00Z,1996-12-31T00:00:00Z,1973-01-01T00:00:00Z,1_clear,VW,mispricing,"",1,,TRUE,Titman Wei Xie,6549
LRreversal,JF,De Bondt and Thaler,1985,mispricing,Long-run reversal,87,18,4.63157894736842,0.215909090909091,0.0466754704943984,"The empirical evidence, based on CRSP monthly return data, is consistent with the overreaction hypothesis. Substantial weak form market inefficiencies are discovered. The results also shed new light on the January returns earned by prior “winners” and “losers.” Portfolios of losers experience exceptionally large January returns as late as five years after portfolio formation.",1985-12-31T00:00:00Z,1982-12-31T00:00:00Z,1929-01-01T00:00:00Z,1_clear,EW,mispricing,"",1,,FALSE,De Bondt Thaler,2775
Leverage,JFE,Bhandari,1988,mispricing,Market leverage,14,41,0.357142857142857,2.8,-0.030782838707413,"it is not likely that the """"premiums"""" associated with DER, LTEQ, and probably
even BETA are due to higher risk",1988-12-31T00:00:00Z,1981-12-31T00:00:00Z,1952-01-01T00:00:00Z,1_clear,EW,mispricing,"",1,,FALSE,Bhandari,4826
MRreversal,JF,De Bondt and Thaler,1985,mispricing,Medium-run reversal,87,18,4.63157894736842,0.215909090909091,0.0466754704943984,"The empirical evidence, based on CRSP monthly return data, is consistent with the overreaction hypothesis. Substantial weak form market inefficiencies are discovered. The results also shed new light on the January returns earned by prior “winners” and “losers.” Portfolios of losers experience exceptionally large January returns as late as five years after portfolio formation.",1985-12-31T00:00:00Z,1980-12-31T00:00:00Z,1933-01-01T00:00:00Z,2_likely,EW,mispricing,"",1,,FALSE,De Bondt Thaler,2775
MS,RAS,Mohanram,2005,mispricing,Mohanram G-score,55,15,3.5,0.285714285714286,0.13551335128676,"the results are inconsistent with a risk-based explanation as returns are positive in most years, and firms with lower risk earn higher returns.",2005-12-31T00:00:00Z,2001-12-31T00:00:00Z,1978-01-01T00:00:00Z,1_clear,EW,mispricing,"",1,,TRUE,Mohanram,7701
MaxRet,JF,"Bali, Cakici, and Whitelaw",2010,mispricing,Maximum return over month,49,43,1.13636363636364,0.879999999999997,0.0108447979147898,Why is the effect we report not traded away by other well-diversified investors? Exploiting this phenomenon would require shorting stocks with extreme positive returns. The inability and/or unwillingness of many investors to engage in short-selling has been discussed extensively in the literature.,2010-12-31T00:00:00Z,2005-12-31T00:00:00Z,1962-01-01T00:00:00Z,1_clear,VW,mispricing,"",1,,TRUE,Bali Cakici Whitelaw,8567
MeanRankRevGrowth,JF,"Lakonishok, Shleifer, Vishny",1994,mispricing,Revenue Growth Rank,58,65,0.893939393939394,1.11864406779661,0.0898296945760391,This article provides evidence that value strategies yield higher returns because these strategies exploit the suboptimal behavior of the typical investor and not because these strategies are fundamentally riskier.,1994-12-31T00:00:00Z,1990-12-31T00:00:00Z,1968-01-01T00:00:00Z,1_clear,EW,mispricing,"",1,,FALSE,Lakonishok Shleifer Vishny,8105
Mom12m,JF,Jegadeesh and Titman,1993,mispricing,Momentum (12 month),70,13,5.07142857142857,0.197183098591549,0.0309708086739998,"The evidence is, however, consistent with delayed price reactions to firm-specific information.",1993-12-31T00:00:00Z,1989-12-31T00:00:00Z,1964-01-01T00:00:00Z,1_clear,EW,mispricing,"",1,,FALSE,Jegadeesh Titman,5538
Mom12mOffSeason,JFE,Heston and Sadka,2008,agnostic,Momentum without the seasonal part,57,12,4.46153846153846,0.224137931034483,0.0968931956802173,"[no nice quotes] Additional diagnostics show the seasonal effect occurs within industry and size categories. In this respect, it does not appear to be a byproduct of stock characteristics or simple proxies for risk.",2008-12-31T00:00:00Z,2002-12-31T00:00:00Z,1965-01-01T00:00:00Z,1_clear,EW,agnostic,"",1,,TRUE,Heston Sadka,7036
Mom6m,JF,Jegadeesh and Titman,1993,mispricing,Momentum (6 month),70,13,5.07142857142857,0.197183098591549,0.0309708086739998,"The evidence is, however, consistent with delayed price reactions to firm-specific information.",1993-12-31T00:00:00Z,1989-12-31T00:00:00Z,1964-01-01T00:00:00Z,1_clear,EW,mispricing,"",1,,FALSE,Jegadeesh Titman,5538
Mom6mJunk,JF,Avramov et al,2007,risk,Junk Stock Momentum,10,37,0.289473684210526,3.45454545454546,-0.0102472481222324,The results show that the link between momentum and credit risk remains strong and significant,2007-12-31T00:00:00Z,2003-12-31T00:00:00Z,1985-01-01T00:00:00Z,1_clear,EW,risk,"",1,,TRUE,Avramov,3459
MomOffSeason,JFE,Heston and Sadka,2008,agnostic,Off season long-term reversal,57,12,4.46153846153846,0.224137931034483,0.0968931956802173,"[no nice quotes] Additional diagnostics show the seasonal effect occurs within industry and size categories. In this respect, it does not appear to be a byproduct of stock characteristics or simple proxies for risk.",2008-12-31T00:00:00Z,2002-12-31T00:00:00Z,1965-01-01T00:00:00Z,1_clear,EW,agnostic,"",1,,TRUE,Heston Sadka,7036
MomOffSeason06YrPlus,JFE,Heston and Sadka,2008,agnostic,Off season reversal years 6 to 10,57,12,4.46153846153846,0.224137931034483,0.0968931956802173,"[no nice quotes] Additional diagnostics show the seasonal effect occurs within industry and size categories. In this respect, it does not appear to be a byproduct of stock characteristics or simple proxies for risk.",2008-12-31T00:00:00Z,2002-12-31T00:00:00Z,1965-01-01T00:00:00Z,1_clear,EW,agnostic,"",1,,TRUE,Heston Sadka,7036
MomOffSeason11YrPlus,JFE,Heston and Sadka,2008,agnostic,Off season reversal years 11 to 15,57,12,4.46153846153846,0.224137931034483,0.0968931956802173,"[no nice quotes] Additional diagnostics show the seasonal effect occurs within industry and size categories. In this respect, it does not appear to be a byproduct of stock characteristics or simple proxies for risk.",2008-12-31T00:00:00Z,2002-12-31T00:00:00Z,1965-01-01T00:00:00Z,2_likely,EW,agnostic,"",1,,TRUE,Heston Sadka,7036
MomOffSeason16YrPlus,JFE,Heston and Sadka,2008,agnostic,Off season reversal years 16 to 20,57,12,4.46153846153846,0.224137931034483,0.0968931956802173,"[no nice quotes] Additional diagnostics show the seasonal effect occurs within industry and size categories. In this respect, it does not appear to be a byproduct of stock characteristics or simple proxies for risk.",2008-12-31T00:00:00Z,2002-12-31T00:00:00Z,1965-01-01T00:00:00Z,1_clear,EW,agnostic,"",1,,TRUE,Heston Sadka,7036
MomRev,JOIM,Chan and Ko,2006,mispricing,Momentum and LT Reversal,31,6,4.57142857142857,0.21875,0.0764779938061704,"Suppose a stock overshoots the equilibrium value so that it experiences a price reversal. Since a price reversal is triggered only if there is substantial mispricing, the price momentum in the early stage of price reversal will be large in order to push the price back to the equilibrium value.",2006-12-31T00:00:00Z,2001-12-31T00:00:00Z,1965-01-01T00:00:00Z,1_clear,EW,mispricing,"",1,,TRUE,Chan Ko,4652
MomSeason,JFE,Heston and Sadka,2008,agnostic,Return seasonality years 2 to 5,57,12,4.46153846153846,0.224137931034483,0.0968931956802173,"[no nice quotes] Additional diagnostics show the seasonal effect occurs within industry and size categories. In this respect, it does not appear to be a byproduct of stock characteristics or simple proxies for risk.",2008-12-31T00:00:00Z,2002-12-31T00:00:00Z,1965-01-01T00:00:00Z,1_clear,EW,agnostic,"",1,,TRUE,Heston Sadka,7036
MomSeason06YrPlus,JFE,Heston and Sadka,2008,agnostic,Return seasonality years 6 to 10,57,12,4.46153846153846,0.224137931034483,0.0968931956802173,"[no nice quotes] Additional diagnostics show the seasonal effect occurs within industry and size categories. In this respect, it does not appear to be a byproduct of stock characteristics or simple proxies for risk.",2008-12-31T00:00:00Z,2002-12-31T00:00:00Z,1965-01-01T00:00:00Z,1_clear,EW,agnostic,"",1,,TRUE,Heston Sadka,7036
MomSeason11YrPlus,JFE,Heston and Sadka,2008,agnostic,Return seasonality years 11 to 15,57,12,4.46153846153846,0.224137931034483,0.0968931956802173,"[no nice quotes] Additional diagnostics show the seasonal effect occurs within industry and size categories. In this respect, it does not appear to be a byproduct of stock characteristics or simple proxies for risk.",2008-12-31T00:00:00Z,2002-12-31T00:00:00Z,1965-01-01T00:00:00Z,1_clear,EW,agnostic,"",1,,TRUE,Heston Sadka,7036
MomSeason16YrPlus,JFE,Heston and Sadka,2008,agnostic,Return seasonality years 16 to 20,57,12,4.46153846153846,0.224137931034483,0.0968931956802173,"[no nice quotes] Additional diagnostics show the seasonal effect occurs within industry and size categories. In this respect, it does not appear to be a byproduct of stock characteristics or simple proxies for risk.",2008-12-31T00:00:00Z,2002-12-31T00:00:00Z,1965-01-01T00:00:00Z,1_clear,EW,agnostic,"",1,,TRUE,Heston Sadka,7036
MomSeasonShort,JFE,Heston and Sadka,2008,agnostic,Return seasonality last year,57,12,4.46153846153846,0.224137931034483,0.0968931956802173,"[no nice quotes] Additional diagnostics show the seasonal effect occurs within industry and size categories. In this respect, it does not appear to be a byproduct of stock characteristics or simple proxies for risk.",2008-12-31T00:00:00Z,2002-12-31T00:00:00Z,1965-01-01T00:00:00Z,1_clear,EW,agnostic,"",1,,TRUE,Heston Sadka,7036
MomVol,JF,Lee and Swaminathan,2000,mispricing,Momentum in high volume stocks,128,14,8.6,0.116279069767442,0.0749808475621069,"our evidence shows that the information content of trading volume is related to market misperceptions of firms’ future earnings prospects. Specifically, we provide strong evidence that low ~high! volume stocks tend to be under- ~over-! valued by the market",2000-12-31T00:00:00Z,1995-12-31T00:00:00Z,1965-01-01T00:00:00Z,1_clear,EW,mispricing,"",1,,FALSE,Lee Swaminathan,10050
NOA,JAE,Hirshleifer et al.,2004,mispricing,Net Operating Assets,100,20,4.80952380952381,0.207920792079208,0.116687945785485,"When the balance sheet is 'bloated' in this fashion, we argue that investors with limited attention will overvalue the firm",2004-12-31T00:00:00Z,2002-12-31T00:00:00Z,1964-01-01T00:00:00Z,1_clear,EW,mispricing,"",1,,TRUE,Hirshleifer,7935
NetDebtFinance,JAE,"Bradshaw, Richardson, Sloan",2006,mispricing,Net debt financing,111,24,4.48,0.223214285714286,0.115066114047742,"Consistent with the misvaluation
explanation, our measure of external financing is positively related to overoptimism in analysts’
forecasts.",2006-12-31T00:00:00Z,2000-12-31T00:00:00Z,1971-01-01T00:00:00Z,1_clear,EW,mispricing,"",1,,TRUE,Bradshaw Richardson Sloan,8575
NetDebtPrice,JAR,"Penman, Richardson and Tuna",2007,agnostic,Net debt to price,26,102,0.262135922330097,3.81481481481482,0.00209580953851178,"This observation accords with the
view that the enterprise book-to-price ratio is a firm characteristic that loads
on a risk factor, but is also consistent with the mispricing of book values.
In the absence of a well-specified asset pricing model, the issue cannot be
sorted out.",2007-12-31T00:00:00Z,2001-12-31T00:00:00Z,1963-01-01T00:00:00Z,1_clear,EW,agnostic,"",1,,TRUE,Penman Richardson Tuna,8492
NetEquityFinance,JAE,"Bradshaw, Richardson, Sloan",2006,mispricing,Net equity financing,111,24,4.48,0.223214285714286,0.115066114047742,"Consistent with the misvaluation
explanation, our measure of external financing is positively related to overoptimism in analysts’
forecasts.",2006-12-31T00:00:00Z,2000-12-31T00:00:00Z,1971-01-01T00:00:00Z,1_clear,EW,mispricing,"",1,,TRUE,Bradshaw Richardson Sloan,8575
NetPayoutYield,JF,Boudoukh et al.,2007,agnostic,Net Payout Yield,24,24,1,1,0.0286425607445618,"We show that the apparent demise of dividend yields as a predictor is due more to mismeasurement than alternative explanations such as spurious correlation, learning, etc.",2007-12-31T00:00:00Z,2003-12-31T00:00:00Z,1984-01-01T00:00:00Z,1_clear,EW,agnostic,The high minus low payout yield portfolio is a priced factor,1,,TRUE,Boudoukh,9039
NumEarnIncrease,MS,Loh and Warachka,2012,mispricing,Earnings streak length,83,9,8.4,0.119047619047619,0.104511780961284,"Overall,
post-earnings-announcement drift has a significant time-series component that is consistent with the gambler’s
fallacy.",2012-12-31T00:00:00Z,2009-12-31T00:00:00Z,1987-01-01T00:00:00Z,2_likely,EW,mispricing,"",1,,TRUE,Loh Warachka,6297
OPLeverage,ROF,Novy-Marx,2010,risk,Operating leverage,9,73,0.135135135135135,7.40000000000001,-0.118568070566179,"I derive and test implications of the operating leverage hypothesis for the cross-section
of expected returns",2010-12-31T00:00:00Z,2008-12-31T00:00:00Z,1963-01-01T00:00:00Z,1_clear,EW,risk,"",1,,TRUE,Novy-Marx,6421
OScore,JFE,Dichev,1998,mispricing,O Score,24,144,0.172413793103448,5.80000000000001,0.00109847700503113,"Evidence from trading strategies long on healthy firms
and short on distressed firms and an examination of longer return windows
suggest that mispricing is the more likely explanation for this surprising
phenomenon.",1998-12-31T00:00:00Z,1995-12-31T00:00:00Z,1981-01-01T00:00:00Z,1_clear,EW,mispricing,"",1,,FALSE,Dichev,4106
OperProf,JFE,Fama and French,2006,agnostic,operating profits / book equity,15,62,0.253968253968254,3.9375,0.0584640072974083,We take no stance on whether the patterns in average returns observed here are rational or irrational.,2006-12-31T00:00:00Z,2003-12-31T00:00:00Z,1977-01-01T00:00:00Z,2_likely,EW,agnostic,"",1,,TRUE,Fama French,7054
OperProfRD,JFE,Ball et al.,2016,agnostic,Operating profitability R&D adjusted,44,9,4.5,0.222222222222222,0.0611777882455351,"This could indicate an initial market under-reaction to cash
flow information that is gradually corrected over a decade.
Alternatively, this result could indicate that cash-based
profitability and expected returns share common economic
determinants (such as risk) that are relatively stationary
over time ( Ball, 1978 ).",2016-12-31T00:00:00Z,2014-12-31T00:00:00Z,1963-01-01T00:00:00Z,2_likely,VW,agnostic,"",1,,TRUE,Ball,6473
OptionVolume1,JFE,Johnson and So,2012,mispricing,Option to stock volume,117,38,3.02564102564103,0.330508474576271,-0.0312327065875508,"We argue that the negative relation between O/S and
future returns is driven by short-sale costs in equity
markets, which make option markets an attractive venue
for traders with negative news.",2012-12-31T00:00:00Z,2010-12-31T00:00:00Z,1996-01-01T00:00:00Z,1_clear,EW,mispricing,short-sale costs,1,,TRUE,Johnson So,8827
OptionVolume2,JFE,Johnson and So,2012,mispricing,Option volume to average,117,38,3.02564102564103,0.330508474576271,-0.0312327065875508,"We argue that the negative relation between O/S and
future returns is driven by short-sale costs in equity
markets, which make option markets an attractive venue
for traders with negative news.",2012-12-31T00:00:00Z,2010-12-31T00:00:00Z,1996-01-01T00:00:00Z,2_likely,EW,mispricing,"",1,,TRUE,Johnson So,8827
OrderBacklog,RAS,"Rajgopal, Shevlin, Venkatachalam",2003,mispricing,Order backlog,109,19,5.5,0.181818181818182,0.118238006704167,We find that the stock market overweights the contribution of order backlog in predicting future earnings and a hedge strategy that exploits such overweighting generates significant future abnormal returns,2003-12-31T00:00:00Z,1999-12-31T00:00:00Z,1981-01-01T00:00:00Z,1_clear,EW,mispricing,"",1,,FALSE,Rajgopal Shevlin Venkatachalam,7201
OrderBacklogChg,Other,Baik and Ahn,2007,mispricing,Change in order backlog,56,3,14.25,0.0701754385964912,0.0735663007764408,"our evidence indicates that analysts underreact to the
information in changes in order backlog.",2007-12-31T00:00:00Z,1999-12-31T00:00:00Z,1971-01-01T00:00:00Z,1_clear,EW,mispricing,Should we keep? It's in the Seoul Journal of Business.  We got this from HLZ.,1,,TRUE,Baik Ahn,3506
OrgCap,JF,Eisfeldt and Papanikolaou,2013,risk,Organizational capital,7,94,0.0842105263157895,11.875,-0.0779259179281212,"We refer
to this type of intangible capital as organization capital and develop a structural model
to analyze its effect on asset prices. We argue that shareholders consider rms with high
levels of organization capital to be riskier than rms with more physical capital, and provide
empirical evidence supporting this claim.",2013-12-31T00:00:00Z,2008-12-31T00:00:00Z,1970-01-01T00:00:00Z,1_clear,VW,risk,"",1,,TRUE,Eisfeldt Papanikolaou,9053
PS,AR,Piotroski,2000,mispricing,Piotroski F-score,53,8,6,0.166666666666667,0.109550800574003,"Overall, the evidence suggests that  the market does not fully incorporate historical financial information into prices in a timely manner",2000-12-31T00:00:00Z,1996-12-31T00:00:00Z,1976-01-01T00:00:00Z,1_clear,VW,mispricing,"",1,,FALSE,Piotroski,9489
PatentsRD,JFE,"Hirschleifer, Hsu and Li",2013,mispricing,Patents to RD expenses,128,42,3,0.333333333333333,0.130740942065808,"The IE-return relation is associated with the loading on a mispricing factor, and the high Sharpe ratio of the Efficient Minus Inefficient (EMI) portfolio suggests that mispricing plays an important role.",2013-12-31T00:00:00Z,2008-12-31T00:00:00Z,1982-01-01T00:00:00Z,1_clear,VW,mispricing,"",1,,TRUE,Hirschleifer Hsu Li,9662
PayoutYield,JF,Boudoukh et al.,2007,agnostic,Payout Yield,24,24,1,1,0.0286425607445618,"This shift in payout policy resulted in a magnification of an existing problem in measures of payout yields, namely, the exclusion of share repurchases. We show that once repurchases are taken into account, our measures of the total payout yield show significant predictive ability in both the time series and cross section of equity returns.",2007-12-31T00:00:00Z,2003-12-31T00:00:00Z,1984-01-01T00:00:00Z,1_clear,EW,agnostic,The high minus low payout yield portfolio is a priced factor,1,,TRUE,Boudoukh,9039
PctAcc,AR,"Hafzalla, Lundholm, Van Winkle",2011,mispricing,Percent Operating Accruals,84,26,3.14814814814815,0.317647058823529,0.130352724414878,"our results are consistent with the earnings fixation hypothesis
and are inconsistent with some alternative explanations for the accrual anomaly.",2011-12-31T00:00:00Z,2008-12-31T00:00:00Z,1989-01-01T00:00:00Z,1_clear,EW,mispricing,"",1,,TRUE,Hafzalla Lundholm Van Winkle,6221
PctTotAcc,AR,"Hafzalla, Lundholm, Van Winkle",2011,mispricing,Percent Total Accruals,84,26,3.14814814814815,0.317647058823529,0.130352724414878,"our results are consistent with the earnings fixation hypothesis
and are inconsistent with some alternative explanations for the accrual anomaly.",2011-12-31T00:00:00Z,2008-12-31T00:00:00Z,1989-01-01T00:00:00Z,1_clear,EW,mispricing,"",1,,TRUE,Hafzalla Lundholm Van Winkle,6221
Price,JF,Blume and Husic,1972,agnostic,Price,24,17,1.38888888888889,0.719999999999999,0.00292238842208585,"the results
in this paper suggest that the return generating function may be considerably
more complex than many investigators have previously assumed.",1972-12-31T00:00:00Z,1971-12-31T00:00:00Z,1932-01-01T00:00:00Z,1_clear,EW,agnostic,"",1,,FALSE,Blume Husic,3716
PriceDelayRsq,RFS,Hou and Moskowitz,2005,mispricing,Price delay r square,646,115,5.57758620689655,0.179289026275116,0.124484157595443,"These results cannot be explained by microstructure, liquidity effects, market risk, or other known determinants of average returns, but appear most consistent with Merton's (1987) investor-recognition hypothesis",2005-12-31T00:00:00Z,2001-12-31T00:00:00Z,1964-01-01T00:00:00Z,1_clear,EW,mispricing,"",1,,TRUE,Hou Moskowitz,8613
PriceDelaySlope,RFS,Hou and Moskowitz,2005,mispricing,Price delay coeff,646,115,5.57758620689655,0.179289026275116,0.124484157595443,"These results cannot be explained by microstructure, liquidity effects, market risk, or other known determinants of average returns, but appear most consistent with Merton's (1987) investor-recognition hypothesis",2005-12-31T00:00:00Z,2001-12-31T00:00:00Z,1964-01-01T00:00:00Z,2_likely,EW,mispricing,"",1,,TRUE,Hou Moskowitz,8613
PriceDelayTstat,RFS,Hou and Moskowitz,2005,mispricing,Price delay SE adjusted,646,115,5.57758620689655,0.179289026275116,0.124484157595443,"These results cannot be explained by microstructure, liquidity effects, market risk, or other known determinants of average returns, but appear most consistent with Merton's (1987) investor-recognition hypothesis",2005-12-31T00:00:00Z,2001-12-31T00:00:00Z,1964-01-01T00:00:00Z,2_likely,EW,mispricing,"",1,,TRUE,Hou Moskowitz,8613
ProbInformedTrading,JF,"Easley, Hvidkjaer and O'Hara",2002,risk,Probability of Informed Trading,30,151,0.203947368421053,4.9032258064516,0.0184941093427136,We show in a rational expectation example how private information affects equilibrium asset returns.,2002-12-31T00:00:00Z,1998-12-31T00:00:00Z,1984-01-01T00:00:00Z,2_likely,EW,risk,"",1,,FALSE,Easley Hvidkjaer O'Hara,8787
RD,JF,"Chan, Lakonishok and Sougiannis",2001,mispricing,R&D over market cap,27,8,3.11111111111111,0.321428571428572,0.0815687165996999,"However, the market is apparently too pessimistic about beaten-down R&D-intensive technology stocks' prospects. Companies with high R&D to equity market value (which tend to have poor past returns) earn large excess returns.",2001-12-31T00:00:00Z,1995-12-31T00:00:00Z,1975-01-01T00:00:00Z,1_clear,EW,mispricing,"",1,,FALSE,Chan Lakonishok Sougiannis,5605
RDAbility,RFS,"Cohen, Diether and Malloy",2013,mispricing,R&D ability,69,7,8.75,0.114285714285714,0.0906455041864232,the stock market appears to ignore the implications of past successes when valuing future innovation,2013-12-31T00:00:00Z,2009-12-31T00:00:00Z,1980-01-01T00:00:00Z,1_clear,EW,mispricing,"",1,,TRUE,Cohen Diether Malloy,7694
RDIPO,JBFA,"Gou, Lev and Shi",2006,mispricing,IPO and no R&D spending,58,5,9.83333333333333,0.101694915254237,0.116857578476931,Financial scholars who research the initial underpricing and long-term underperformance of IPOs generally attribute these phenomena to information asymmetry and investors' misvaluations ... .our identification of R&D as a major factor affecting IPO's performance contributes to the understanding of this important economic and capital market phenomenon.,2006-12-31T00:00:00Z,1995-12-31T00:00:00Z,1980-01-01T00:00:00Z,1_clear,EW,mispricing,"",1,,TRUE,Gou Lev Shi,7478
RDS,AR,Landsman et al.,2011,mispricing,Real dirty surplus,56,4,11.4,0.087719298245614,0.0901928544798259,"Taken together, the findings are consistent with investors over-valuing firms that have large
negative really dirty surplus",2011-12-31T00:00:00Z,2003-12-31T00:00:00Z,1976-01-01T00:00:00Z,1_clear,EW,mispricing,"",1,,TRUE,Landsman,6336
RDcap,RFS,Li,2011,risk,R&D capital-to-assets,18,49,0.38,2.63157894736842,-0.0611817546171345,", R&D-intensive firms’ risk increases with their financial constraints",2011-12-31T00:00:00Z,2007-12-31T00:00:00Z,1980-01-01T00:00:00Z,1_clear,VW,risk,"",1,,TRUE,Li,6528
REV6,JF,"Chan, Jegadeesh and Lakonishok",1996,mispricing,Earnings forecast revisions,97,15,6.125,0.163265306122449,0.115868270308846,"The results suggest a market that responds only gradually to new
information.",1996-12-31T00:00:00Z,1992-12-31T00:00:00Z,1977-01-01T00:00:00Z,1_clear,EW,mispricing,"",1,,FALSE,Chan Jegadeesh Lakonishok,7907
RIO_Disp,JF,Nagel,2005,mispricing,Inst Own and Forecast Dispersion,81,52,1.54716981132075,0.646341463414636,0.0675859640045059,"the evidence in this
paper supports mispricing explanations of cross-sectional return predictability.",2005-12-31T00:00:00Z,2003-12-31T00:00:00Z,1980-01-01T00:00:00Z,1_clear,EW,mispricing,"",1,,TRUE,Nagel,8022
RIO_MB,JF,Nagel,2005,mispricing,Inst Own and Market to Book,81,52,1.54716981132075,0.646341463414636,0.0675859640045059,"the evidence in this
paper supports mispricing explanations of cross-sectional return predictability.",2005-12-31T00:00:00Z,2003-12-31T00:00:00Z,1980-01-01T00:00:00Z,1_clear,EW,mispricing,"",1,,TRUE,Nagel,8022
RIO_Turnover,JF,Nagel,2005,mispricing,Inst Own and Turnover,81,52,1.54716981132075,0.646341463414636,0.0675859640045059,"the evidence in this
paper supports mispricing explanations of cross-sectional return predictability.",2005-12-31T00:00:00Z,2003-12-31T00:00:00Z,1980-01-01T00:00:00Z,1_clear,EW,mispricing,"",1,,TRUE,Nagel,8022
RIO_Volatility,JF,Nagel,2005,mispricing,Inst Own and Idio Vol,81,52,1.54716981132075,0.646341463414636,0.0675859640045059,"the evidence in this
paper supports mispricing explanations of cross-sectional return predictability.",2005-12-31T00:00:00Z,2003-12-31T00:00:00Z,1980-01-01T00:00:00Z,1_clear,EW,mispricing,"",1,,TRUE,Nagel,8022
Recomm_ShortInterest,AR,"Drake, Rees and Swanson",2011,mispricing,Analyst Recommendations and Short-Interest,71,6,10.2857142857143,0.0972222222222221,0.128003368561645,"The characteristics of misvalued stocks can change over time, as long as short sellers and analysts disagree
about valuation and the current stock price under-weights the views of short sellers. The extent of
disagreement is also likely to be greatest in periods of high return volatility, and this is the type of
market environment in which investors want stock-picking guidance. Consistent with this conjecture, we find the highest returns during the 1999–2003 sub-period.",2011-12-31T00:00:00Z,2006-12-31T00:00:00Z,1994-01-01T00:00:00Z,1_clear,EW,mispricing,"",1,,TRUE,Drake Rees Swanson,6861
ResidualMomentum,JEmpFin,"Blitz, Huij and Martens",2011,mispricing,Momentum based on FF3 residuals,23,21,1.09090909090909,0.916666666666667,0.0377174572946847,"Our results are inconsistent with the notion that the momentum phenomenon can be
attributed to a priced risk factor or market microstructure effects.",2011-12-31T00:00:00Z,2009-12-31T00:00:00Z,1930-01-01T00:00:00Z,1_clear,EW,mispricing,"",1,,TRUE,Blitz Huij Martens,7114
ReturnSkew,Book,"Bali, Engle and Murray",2015,risk,Return skewness,10,43,0.25,4,-0.0690376078495423,"",2015-12-31T00:00:00Z,2012-12-31T00:00:00Z,1963-01-01T00:00:00Z,1_clear,EW,risk,"",1,,TRUE,Bali Engle Murray,9110
ReturnSkew3F,Book,"Bali, Engle and Murray",2015,risk,Idiosyncratic skewness (3F model),10,43,0.25,4,-0.0690376078495423,"",2015-12-31T00:00:00Z,2012-12-31T00:00:00Z,1963-01-01T00:00:00Z,1_clear,EW,risk,"",1,,TRUE,Bali Engle Murray,9110
RevenueSurprise,JFE,Jegadeesh and Livnat,2006,mispricing,Revenue Surprise,91,7,11.5,0.0869565217391304,0.139031275647379,"Although analysts revise their forecasts of future earnings in response to revenue surprises, they are slow to incorporate fully the information in revenue surprises.",2006-12-31T00:00:00Z,2003-12-31T00:00:00Z,1987-01-01T00:00:00Z,1_clear,EW,mispricing,"",1,,TRUE,Jegadeesh Livnat,5811
RoE,JFE,Haugen and Baker,1996,mispricing,net income / book equity,83,37,2.21052631578947,0.452380952380953,0.0320970684618105,"Overall, the results seem to reveal a major failure in the Efficient Markets Hypothesis.",1996-12-31T00:00:00Z,1993-12-31T00:00:00Z,1979-01-01T00:00:00Z,2_likely,EW,mispricing,"",1,,FALSE,Haugen Baker,7747
SP,FAJ,"Barbee, Mukherji and Raines",1996,agnostic,Sales-to-price,9,4,2,0.5,0.0399290626159652,"The arguments and evidence presented in the
preceding paragraphs suggest that the S/P and
D/E may be more efficient explanatory factors for
common stock returns than the variables identified
by Fama and French",1996-12-31T00:00:00Z,1991-12-31T00:00:00Z,1979-01-01T00:00:00Z,2_likely,EW,agnostic,"",1,,FALSE,Barbee Mukherji Raines,1722
STreversal,JF,Jegadeesh,1989,agnostic,Short term reversal,76,7,9.625,0.103896103896104,-0.0139987714179796,Predictability of stock returns can be attributed either to market inefficiency or to systematic changes in expected stock returns,1989-12-31T00:00:00Z,1987-12-31T00:00:00Z,1934-01-01T00:00:00Z,1_clear,EW,agnostic,"",1,,FALSE,Jegadeesh,3502
ShareIss1Y,JF,Pontiff and Woodgate,2008,agnostic,Share issuance (1 year),20,2,7,0.142857142857143,0.0823844276315688,"Although we do not address whether the source of this predictability is mispricing or a rational response to an asset pricing model, it appears doubtful that these results can be explained solely by a risk-based asset pricing model.",2008-12-31T00:00:00Z,2003-12-31T00:00:00Z,1970-01-01T00:00:00Z,1_clear,EW,agnostic,"",1,,TRUE,Pontiff Woodgate,5211
ShareIss5Y,JF,Daniel and Titman,2006,agnostic,Share issuance (5 year),53,31,1.6875,0.592592592592593,0.0491288730244219,Our finding… …is potentially consistent with standard risk-based models… …Behavioral theories may offer another avenue for explaining these results.,2006-12-31T00:00:00Z,2003-12-31T00:00:00Z,1968-01-01T00:00:00Z,1_clear,EW,agnostic,"",1,,TRUE,Daniel Titman,8146
ShareRepurchase,JFE,"Ikenberry, Lakonishok, Vermaelen",1995,mispricing,Share repurchases,140,6,20.1428571428571,0.0496453900709221,0.117633429856268,"Thus, at least with respect to value stocks, the market errs in its initial response and appears to ignore much of the information conveyed through repurchase announcements",1995-12-31T00:00:00Z,1990-12-31T00:00:00Z,1980-01-01T00:00:00Z,2_likely,EW,mispricing,"",1,,FALSE,Ikenberry Lakonishok Vermaelen,5713
ShareVol,JFM,"Datar, Naik and Radcliffe",1998,mispricing,Share Volume,70,19,3.55,0.28169014084507,0.0260191738578003,The evidence suggests that liquidity plays a significant role in explaining the cross-sectional variation in stock returns.,1998-12-31T00:00:00Z,1991-12-31T00:00:00Z,1962-01-01T00:00:00Z,1_clear,EW,mispricing,liquidity,1,,FALSE,Datar Naik Radcliffe,3005
ShortInterest,JFE,Dechow et al.,2001,mispricing,Short Interest,65,6,9.42857142857143,0.106060606060606,0.125356945646028,"Under this interpretation, short-sellers achieve superior returns by short-selling low-risk stocks.",2001-12-31T00:00:00Z,1993-12-31T00:00:00Z,1976-01-01T00:00:00Z,2_likely,EW,mispricing,"",1,,FALSE,Dechow,6248
Size,JFE,Banz,1981,agnostic,Size,13,26,0.518518518518519,1.92857142857143,-0.0233551914109167,"To summarize, the size effect exists but it is not at all clear why it exists.",1981-12-31T00:00:00Z,1975-12-31T00:00:00Z,1926-01-01T00:00:00Z,1_clear,EW,agnostic,"",1,,FALSE,Banz,2903
SmileSlope,JFE,Yan,2011,risk,Put volatility minus call volatility,16,89,0.188888888888889,5.29411764705882,-0.130350479834478,"In the presence of jump risk, expected stock return is a function of the average jump size, which can be proxied by the slope of option implied volatility smile",2011-12-31T00:00:00Z,2005-12-31T00:00:00Z,1996-01-01T00:00:00Z,1_clear,EW,risk,"",1,,TRUE,Yan,6816
Spinoff,JFE,"Cusatis, Miles and Woolridge",1993,mispricing,Spinoffs,29,24,1.2,0.833333333333333,0.0801360474541941,These post-spinoff findings indicate that investors have not fully anticipated the increased takeover activity and therefore have underestimated the value created by spinoffs,1993-12-31T00:00:00Z,1988-12-31T00:00:00Z,1965-01-01T00:00:00Z,2_likely,VW,mispricing,"",1,,FALSE,Cusatis Miles Woolridge,4101
SurpriseRD,JF,"Eberhart, Maxwell and Siddique",2004,mispricing,Unexpected R&D increase,214,10,19.5454545454545,0.0511627906976745,0.0660213029684906,"We find consistent evidence of a mis-reaction, as manifested in the significantly positive abnormal stock returns that our sample firms' shareholders experience following these increases.",2004-12-31T00:00:00Z,2001-12-31T00:00:00Z,1974-01-01T00:00:00Z,1_clear,EW,mispricing,"",1,,TRUE,Eberhart Maxwell Siddique,6469
Tax,AR,Lev and Nissim,2004,mispricing,Taxable income to income,13,3,3.5,0.285714285714286,0.0876603628013706,"It appears, therefore, that during the 1990s investors became increasingly adept at using the forward-looking information in taxable income (or correlated information) in securities valuation",2004-12-31T00:00:00Z,2000-12-31T00:00:00Z,1973-01-01T00:00:00Z,1_clear,EW,mispricing,"",1,,TRUE,Lev Nissim,7715
TotalAccruals,JAE,Richardson et al.,2005,mispricing,Total accruals,37,6,5.42857142857143,0.184210526315789,0.0978921296051552,"Empirical tests generally confirm that less reliable accruals lead to lower earnings
persistence and that investors do not fully anticipate the lower earnings persistence, leading to significant security mispricing",2005-12-31T00:00:00Z,2001-12-31T00:00:00Z,1962-01-01T00:00:00Z,1_clear,EW,mispricing,"",1,,TRUE,Richardson,10502
TrendFactor,JFE,"Han, Zhou, Zhu",2016,agnostic,Trend Factor,40,54,0.745454545454546,1.34146341463415,-0.00578975789398619,"we provide a trend factor that synthesizes
the short-, intermediate-, and long-term price signals of
the stock market.",2016-12-31T00:00:00Z,2014-12-31T00:00:00Z,1930-01-01T00:00:00Z,1_clear,EW,agnostic,"",1,,TRUE,Han Zhou Zhu,8494
UpRecomm,JF,Barber et al.,2002,mispricing,Up Forecast,138,14,9.26666666666667,0.107913669064748,0.0460489395916198,"We believe it is most likely that our results are evidence of a market that
is semistrong inefficient (before transactions costs).",2002-12-31T00:00:00Z,1997-12-31T00:00:00Z,1985-01-01T00:00:00Z,2_likely,EW,mispricing,"",1,,FALSE,Barber,6589
VolMkt,JFE,Haugen and Baker,1996,mispricing,Volume to market equity,83,37,2.21052631578947,0.452380952380953,0.0320970684618105,"Overall, the results seem to reveal a major failure in the Efficient Markets Hypothesis.",1996-12-31T00:00:00Z,1993-12-31T00:00:00Z,1979-01-01T00:00:00Z,2_likely,EW,mispricing,"",1,,FALSE,Haugen Baker,7747
VolSD,JFE,"Chordia, Subra, Anshuman",2001,agnostic,Volume Variance,57,11,4.83333333333333,0.206896551724138,0.0127511031282154,"However, our findings do not lend themselves to an obvious explanation, so that further
investigation of our results would appear to be a reasonable topic for future
research.",2001-12-31T00:00:00Z,1995-12-31T00:00:00Z,1966-01-01T00:00:00Z,1_clear,EW,agnostic,"",1,,FALSE,Chordia Subra Anshuman,5063
VolumeTrend,JFE,Haugen and Baker,1996,mispricing,Volume Trend,83,37,2.21052631578947,0.452380952380953,0.0320970684618105,"Overall, the results seem to reveal a major failure in the Efficient Markets Hypothesis.",1996-12-31T00:00:00Z,1993-12-31T00:00:00Z,1979-01-01T00:00:00Z,2_likely,EW,mispricing,"",1,,FALSE,Haugen Baker,7747
XFIN,JAE,"Bradshaw, Richardson, Sloan",2006,mispricing,Net external financing,111,24,4.48,0.223214285714286,0.115066114047742,"Consistent with the misvaluation
explanation, our measure of external financing is positively related to overoptimism in analysts’
forecasts.",2006-12-31T00:00:00Z,2000-12-31T00:00:00Z,1971-01-01T00:00:00Z,1_clear,EW,mispricing,"",1,,TRUE,Bradshaw Richardson Sloan,8575
betaVIX,JF,Ang et al.,2006,risk,Systematic volatility,72,142,0.510489510489511,1.95890410958904,-0.122545662928407,We find that innovations in aggregate volatility carry a statistically significant negative price of risk,2006-12-31T00:00:00Z,2000-12-31T00:00:00Z,1986-01-01T00:00:00Z,1_clear,VW,risk,"",1,,TRUE,Ang,10168
cfp,AR,"Desai, Rajgopal, Venkatachalam",2004,mispricing,Operating Cash flows to price,183,9,18.4,0.0543478260869565,0.162046604972087,CFO/P is a powerful and comprehensive measure that subsumes the mispricing attributed to all the other value-glamour proxies.,2004-12-31T00:00:00Z,1997-12-31T00:00:00Z,1973-01-01T00:00:00Z,1_clear,EW,mispricing,"",1,,TRUE,Desai Rajgopal Venkatachalam,7494
dNoa,JAE,"Hirshleifer, Hou, Teoh, Zhang",2004,mispricing,change in net operating assets,100,20,4.80952380952381,0.207920792079208,0.116687945785485,"When the balance sheet is 'bloated' in this fashion, we argue that investors with limited attention will overvalue the firm",2004-12-31T00:00:00Z,2002-12-31T00:00:00Z,1964-01-01T00:00:00Z,1_clear,EW,mispricing,"",1,,TRUE,Hirshleifer Hou Teoh Zhang,7935
fgr5yrLag,JF,La Porta,1996,mispricing,Long-term EPS forecast,38,15,2.4375,0.41025641025641,0.0983606076517754,I show that investment strategies that seek to exploit errors in analysts' forecasts earn superior returns because expectations about future growth in earnings are too extreme.,1996-12-31T00:00:00Z,1990-12-31T00:00:00Z,1983-01-01T00:00:00Z,1_clear,EW,mispricing,"",1,,FALSE,La Porta,6542
grcapx,JF,Anderson and Garcia-Feijoo,2006,risk,Change in capex (two years),26,45,0.586956521739131,1.7037037037037,-0.0248718955969738,"stock returns. These findings are consistent with
recent theoretical models (e.g., Berk, Green, and Naik (1999)) in which the exercise
of investment-growth options results in changes in both valuation and expected stock
returns",2006-12-31T00:00:00Z,1999-12-31T00:00:00Z,1976-01-01T00:00:00Z,1_clear,EW,risk,"",1,,TRUE,Anderson Garcia-Feijoo,5472
grcapx3y,JF,Anderson and Garcia-Feijoo,2006,risk,Change in capex (three years),26,45,0.586956521739131,1.7037037037037,-0.0248718955969738,"stock returns. These findings are consistent with
recent theoretical models (e.g., Berk, Green, and Naik (1999)) in which the exercise
of investment-growth options results in changes in both valuation and expected stock
returns",2006-12-31T00:00:00Z,1999-12-31T00:00:00Z,1976-01-01T00:00:00Z,1_clear,EW,risk,"",1,,TRUE,Anderson Garcia-Feijoo,5472
hire,JPE,"Bazdresch, Belo and Lin",2014,risk,Employment growth,21,160,0.136645962732919,7.31818181818183,-0.0989708908108891,"we interpret this difference in average returns, which we refer to as the hiring return spread, as reflecting the relatively lower risk of the firms with higher hiring rates",2014-12-31T00:00:00Z,2010-12-31T00:00:00Z,1965-01-01T00:00:00Z,1_clear,EW,risk,"",1,,TRUE,Bazdresch Belo Lin,10947
iomom_cust,JF,Menzly and Ozbas,2010,mispricing,Customers momentum,17,15,1.125,0.888888888888889,0.0599395597991664,"All of these findings are consistent
with limited-information models",2010-12-31T00:00:00Z,2005-12-31T00:00:00Z,1986-01-01T00:00:00Z,1_clear,EW,mispricing,"",1,,TRUE,Menzly Ozbas,5939
iomom_supp,JF,Menzly and Ozbas,2010,mispricing,Suppliers momentum,17,15,1.125,0.888888888888889,0.0599395597991664,"All of these findings are consistent
with limited-information models",2010-12-31T00:00:00Z,2005-12-31T00:00:00Z,1986-01-01T00:00:00Z,1_clear,EW,mispricing,"",1,,TRUE,Menzly Ozbas,5939
realestate,RFS,Tuzel,2010,risk,Real estate holdings,4,87,0.0568181818181818,17.6,-0.0640233554933598,"I develop a general equilibrium production economy where firms use two factors: real estate and other capital. Investment is subject to asymmetric adjustment costs. Because real estate depreciates slowly, firms with high real estate holdings are more vulnerable to bad productivity shocks and hence are riskier and have higher expected returns.",2010-12-31T00:00:00Z,2005-12-31T00:00:00Z,1971-01-01T00:00:00Z,2_likely,VW,risk,"",1,,TRUE,Tuzel,8118
retConglomerate,JFE,Cohen and Lou,2012,mispricing,Conglomerate return,102,11,8.58333333333333,0.116504854368932,0.103971450344891,"Consistent with processing complexity driving the return relation, we further
show that the more complicated the firm, the more pronounced the return predict-
ability.",2012-12-31T00:00:00Z,2009-12-31T00:00:00Z,1977-01-01T00:00:00Z,1_clear,EW,mispricing,"",1,,TRUE,Cohen Lou,7471
roaq,JAE,"Balakrishnan, Bartov and Faurel",2010,mispricing,Return on assets (qtrly),126,29,4.23333333333333,0.236220472440945,0.144444640193644,We document a market failure to fully respond to loss/profit quarterly announcements.,2010-12-31T00:00:00Z,2005-12-31T00:00:00Z,1976-01-01T00:00:00Z,1_clear,EW,mispricing,"",1,,TRUE,Balakrishnan Bartov Faurel,8932
sfe,AR,"Elgers, Lo and Pfeiffer",2001,mispricing,Earnings Forecast to price,101,5,17,0.0588235294117647,0.0913634165748525,"This delayed price response is more pronounced for firms with relatively low analyst coverage, consistent with the premise that low financial analyst coverage is associated with a variety of factors that impede the information efficiency of the security market.",2001-12-31T00:00:00Z,1998-12-31T00:00:00Z,1982-01-01T00:00:00Z,1_clear,EW,mispricing,"",1,,FALSE,Elgers Lo Pfeiffer,5075
sinAlgo,JFE,Hong and Kacperczyk,2009,risk,Sin Stock (selection criteria),28,25,1.11538461538462,0.896551724137927,0.0774977878199796,"Sin stocks also have higher expected returns than otherwise comparable stocks, consistent with them being neglected by norm-constrained investors and facing greater litigation risk heightened by social norms

In this paper, we provide evidence of significant effects of social norms on markets by studying the investing environment of ‘‘sin’’ stocks",2009-12-31T00:00:00Z,2006-12-31T00:00:00Z,1926-01-01T00:00:00Z,2_likely,EW,risk,"Could be mispricing, since they cite Merton (1987).",1,,TRUE,Hong Kacperczyk,9187
skew1,JFQA,"Xing, Zhang and Zhao",2010,mispricing,Volatility smirk near the money,19,30,0.645161290322581,1.55,-0.0635229918708412,"The results are consistent with the notion that informed traders with negative
news prefer to trade out-of-the-money put options, and that the equity market is slow in
incorporating the information embedded in volatility smirks.",2010-12-31T00:00:00Z,2005-12-31T00:00:00Z,1996-01-01T00:00:00Z,2_likely,EW,mispricing,"",1,,TRUE,Xing Zhang Zhao,6214
std_turn,JFE,"Chordia, Subra, Anshuman",2001,agnostic,Share turnover volatility,57,11,4.83333333333333,0.206896551724138,0.0127511031282154,"However, our
findings do not lend themselves to an obvious explanation, so that further
investigation of our results would appear to be a reasonable topic for future
research.",2001-12-31T00:00:00Z,1995-12-31T00:00:00Z,1966-01-01T00:00:00Z,1_clear,EW,agnostic,"",1,,FALSE,Chordia Subra Anshuman,5063
tang,JF,Hahn and Lee,2009,risk,Tangibility,2,37,0.0789473684210526,12.6666666666667,-0.0532853453606061,"In the language of asset pricing, higher debt capacity firms have higher exposure to the risk associated with changes in the availability of internal and external funds for investment. Consequently, if such risk is priced by the market, then we should expect that high debt capacity firms will earn higher returns on average",2009-12-31T00:00:00Z,2001-12-31T00:00:00Z,1973-01-01T00:00:00Z,1_clear,EW,risk,"",1,,TRUE,Hahn Lee,6834
zerotrade,JFE,Liu,2006,risk,Days with zero trades,558,181,3.07142857142857,0.325581395348837,0.0235926951530701,"The success of the liquidity-augmented two-factor model suggests that liquidity
risk is an especially promising direction in this continued search.",2006-12-31T00:00:00Z,2003-12-31T00:00:00Z,1960-01-01T00:00:00Z,1_clear,EW,risk,"",1,,TRUE,Liu,10377
zerotradeAlt1,JFE,Liu,2006,risk,Days with zero trades,558,181,3.07142857142857,0.325581395348837,0.0235926951530701,"The success of the liquidity-augmented two-factor model suggests that liquidity
risk is an especially promising direction in this continued search.",2006-12-31T00:00:00Z,2003-12-31T00:00:00Z,1960-01-01T00:00:00Z,1_clear,EW,risk,"",1,,TRUE,Liu,10377
zerotradeAlt12,JFE,Liu,2006,risk,Days with zero trades,558,181,3.07142857142857,0.325581395348837,0.0235926951530701,"The success of the liquidity-augmented two-factor model suggests that liquidity
risk is an especially promising direction in this continued search.",2006-12-31T00:00:00Z,2003-12-31T00:00:00Z,1960-01-01T00:00:00Z,1_clear,EW,risk,"",1,,TRUE,Liu,10377
